arms,triceps-extension,-616,246,-752
arms,triceps-extension,-610,229,-752
arms,triceps-extension,-581,233,-738
arms,triceps-extension,-542,233,-721
arms,triceps-extension,-528,225,-750
arms,triceps-extension,-520,240,-724
arms,triceps-extension,-520,257,-748
arms,triceps-extension,-514,260,-787
arms,triceps-extension,-536,232,-720
arms,triceps-extension,-1431,572,-692
arms,triceps-extension,-827,-583,-365
arms,triceps-extension,-536,-157,-768
arms,triceps-extension,-251,164,-710
arms,triceps-extension,-377,499,-839
arms,triceps-extension,-844,633,-913
arms,triceps-extension,-798,992,-1117
arms,triceps-extension,-1427,1681,-1322
arms,triceps-extension,-1107,2457,-1579
arms,triceps-extension,-1240,2022,-1180
arms,triceps-extension,-878,1336,-924
arms,triceps-extension,-932,929,-972
arms,triceps-extension,-853,570,-878
arms,triceps-extension,-573,410,-679
arms,triceps-extension,-488,283,-772
arms,triceps-extension,-466,274,-772
arms,triceps-extension,-472,280,-760
arms,triceps-extension,-482,278,-753
arms,triceps-extension,-484,272,-788
arms,triceps-extension,-485,272,-754
arms,triceps-extension,-481,272,-743
arms,triceps-extension,-470,276,-765
arms,triceps-extension,-416,234,-770
arms,triceps-extension,-222,205,-796
arms,triceps-extension,-226,222,-729
arms,triceps-extension,-353,177,-762
arms,triceps-extension,-280,195,-704
arms,triceps-extension,-268,191,-735
arms,triceps-extension,-285,216,-792
arms,triceps-extension,-329,264,-809
arms,triceps-extension,-374,272,-815
arms,triceps-extension,-392,272,-736
arms,triceps-extension,-404,254,-757
arms,triceps-extension,-447,295,-822
arms,triceps-extension,-475,307,-760
arms,triceps-extension,-499,284,-622
arms,triceps-extension,-523,258,-514
arms,triceps-extension,-543,226,-481
arms,triceps-extension,-579,229,-512
arms,triceps-extension,-609,205,-518
arms,triceps-extension,-644,210,-474
arms,triceps-extension,-676,216,-406
arms,triceps-extension,-740,240,-427
arms,triceps-extension,-804,237,-479
arms,triceps-extension,-874,206,-534
arms,triceps-extension,-927,165,-527
arms,triceps-extension,-920,199,-386
arms,triceps-extension,-944,132,-488
arms,triceps-extension,-928,103,-431
arms,triceps-extension,-900,205,-291
arms,triceps-extension,-934,263,-280
arms,triceps-extension,-988,347,-296
arms,triceps-extension,-1060,399,-293
arms,triceps-extension,-1093,376,-219
arms,triceps-extension,-1089,324,-141
arms,triceps-extension,-1086,332,-101
arms,triceps-extension,-1066,275,-151
arms,triceps-extension,-1037,167,-205
arms,triceps-extension,-984,95,-84
arms,triceps-extension,-1009,210,-246
arms,triceps-extension,-1026,140,-231
arms,triceps-extension,-1039,116,-234
arms,triceps-extension,-1020,23,-159
arms,triceps-extension,-1056,72,-199
arms,triceps-extension,-1050,68,-10
arms,triceps-extension,-1071,5,160
arms,triceps-extension,-1094,78,461
arms,triceps-extension,-1156,211,478
arms,triceps-extension,-1191,431,-465
arms,triceps-extension,-1172,-61,-688
arms,triceps-extension,-1371,157,-17
arms,triceps-extension,-1485,69,276
arms,triceps-extension,-1640,104,-24
arms,triceps-extension,-1694,96,-1
arms,triceps-extension,-1764,119,84
arms,triceps-extension,-1746,150,-68
arms,triceps-extension,-1700,159,-80
arms,triceps-extension,-1682,181,-37
arms,triceps-extension,-1652,212,-179
arms,triceps-extension,-1641,277,-193
arms,triceps-extension,-1607,341,-205
arms,triceps-extension,-1600,437,-254
arms,triceps-extension,-1549,532,-340
arms,triceps-extension,-1511,583,-490
arms,triceps-extension,-1462,574,-413
arms,triceps-extension,-1407,668,-411
arms,triceps-extension,-1346,607,-395
arms,triceps-extension,-1306,585,-378
arms,triceps-extension,-1301,624,-338
arms,triceps-extension,-1246,629,-409
arms,triceps-extension,-1150,639,-410
arms,triceps-extension,-1068,658,-453
arms,triceps-extension,-959,640,-410
arms,triceps-extension,-835,615,-306
arms,triceps-extension,-712,577,-299
arms,triceps-extension,-596,509,-350
arms,triceps-extension,-502,426,-355
arms,triceps-extension,-400,356,-324
arms,triceps-extension,-282,251,-293
arms,triceps-extension,-180,113,-353
arms,triceps-extension,-89,6,-388
arms,triceps-extension,-13,-48,-299
arms,triceps-extension,34,-87,-303
arms,triceps-extension,76,-193,-357
arms,triceps-extension,143,-307,-427
arms,triceps-extension,203,-387,-483
arms,triceps-extension,245,-424,-446
arms,triceps-extension,278,-417,-390
arms,triceps-extension,335,-398,-370
arms,triceps-extension,339,-398,-330
arms,triceps-extension,331,-408,-283
arms,triceps-extension,425,-379,-169
arms,triceps-extension,464,-360,-106
arms,triceps-extension,502,-348,-157
arms,triceps-extension,528,-299,-75
arms,triceps-extension,529,-306,-87
arms,triceps-extension,534,-272,-71
arms,triceps-extension,521,-272,-1
arms,triceps-extension,529,-269,58
arms,triceps-extension,535,-237,77
arms,triceps-extension,532,-199,49
arms,triceps-extension,601,-184,224
arms,triceps-extension,625,-175,240
arms,triceps-extension,679,-121,192
arms,triceps-extension,688,-120,130
arms,triceps-extension,787,-82,235
arms,triceps-extension,755,-73,151
arms,triceps-extension,788,-57,166
arms,triceps-extension,842,-27,268
arms,triceps-extension,925,-38,273
arms,triceps-extension,929,-60,340
arms,triceps-extension,981,-57,359
arms,triceps-extension,1018,-76,295
arms,triceps-extension,1005,-55,344
arms,triceps-extension,938,-85,267
arms,triceps-extension,872,-156,337
arms,triceps-extension,827,-164,368
arms,triceps-extension,827,-189,339
arms,triceps-extension,765,-222,345
arms,triceps-extension,725,-281,390
arms,triceps-extension,725,-325,408
arms,triceps-extension,697,-367,449
arms,triceps-extension,690,-419,393
arms,triceps-extension,691,-502,377
arms,triceps-extension,665,-609,437
arms,triceps-extension,635,-669,406
arms,triceps-extension,602,-689,347
arms,triceps-extension,567,-708,332
arms,triceps-extension,508,-708,348
arms,triceps-extension,429,-688,333
arms,triceps-extension,396,-695,303
arms,triceps-extension,393,-723,301
arms,triceps-extension,381,-763,322
arms,triceps-extension,366,-810,368
arms,triceps-extension,370,-852,374
arms,triceps-extension,391,-913,393
arms,triceps-extension,390,-949,427
arms,triceps-extension,400,-968,464
arms,triceps-extension,353,-989,464
arms,triceps-extension,311,-1005,471
arms,triceps-extension,286,-1012,511
arms,triceps-extension,262,-986,568
arms,triceps-extension,201,-935,548
arms,triceps-extension,176,-904,575
arms,triceps-extension,175,-907,626
arms,triceps-extension,159,-911,604
arms,triceps-extension,113,-864,613
arms,triceps-extension,123,-867,568
arms,triceps-extension,140,-886,677
arms,triceps-extension,106,-868,654
arms,triceps-extension,127,-831,632
arms,triceps-extension,121,-817,633
arms,triceps-extension,143,-832,654
arms,triceps-extension,96,-832,600
arms,triceps-extension,80,-848,584
arms,triceps-extension,80,-848,584
arms,triceps-extension,119,-887,592
arms,triceps-extension,105,-926,508
arms,triceps-extension,141,-935,549
arms,triceps-extension,137,-965,537
arms,triceps-extension,136,-1004,550
arms,triceps-extension,143,-1008,545
arms,triceps-extension,124,-1001,476
arms,triceps-extension,127,-987,477
arms,triceps-extension,102,-964,506
arms,triceps-extension,121,-966,493
arms,triceps-extension,116,-999,451
arms,triceps-extension,130,-990,476
arms,triceps-extension,130,-978,500
arms,triceps-extension,134,-993,487
arms,triceps-extension,164,-1006,480
arms,triceps-extension,192,-1024,502
arms,triceps-extension,232,-1043,486
arms,triceps-extension,268,-1017,447
arms,triceps-extension,280,-1005,417
arms,triceps-extension,294,-984,418
arms,triceps-extension,295,-936,410
arms,triceps-extension,306,-894,418
arms,triceps-extension,316,-876,441
arms,triceps-extension,337,-860,485
arms,triceps-extension,380,-836,528
arms,triceps-extension,431,-828,517
arms,triceps-extension,482,-828,496
arms,triceps-extension,508,-831,471
arms,triceps-extension,529,-833,430
arms,triceps-extension,552,-824,410
arms,triceps-extension,552,-812,388
arms,triceps-extension,572,-769,377
arms,triceps-extension,613,-698,381
arms,triceps-extension,616,-630,357
arms,triceps-extension,612,-591,357
arms,triceps-extension,631,-536,338
arms,triceps-extension,606,-483,256
arms,triceps-extension,592,-434,228
arms,triceps-extension,563,-378,225
arms,triceps-extension,552,-321,263
arms,triceps-extension,590,-297,273
arms,triceps-extension,627,-308,220
arms,triceps-extension,691,-333,275
arms,triceps-extension,762,-363,246
arms,triceps-extension,832,-386,229
arms,triceps-extension,833,-399,202
arms,triceps-extension,841,-389,150
arms,triceps-extension,844,-344,228
arms,triceps-extension,774,-343,153
arms,triceps-extension,721,-295,185
arms,triceps-extension,791,-217,239
arms,triceps-extension,707,-232,131
arms,triceps-extension,696,-247,295
arms,triceps-extension,771,-226,244
arms,triceps-extension,696,-290,196
arms,triceps-extension,759,-303,356
arms,triceps-extension,705,-353,215
arms,triceps-extension,696,-394,322
arms,triceps-extension,723,-367,304
arms,triceps-extension,702,-406,283
arms,triceps-extension,709,-429,350
arms,triceps-extension,743,-426,325
arms,triceps-extension,728,-478,336
arms,triceps-extension,720,-514,397
arms,triceps-extension,657,-577,445
arms,triceps-extension,593,-606,484
arms,triceps-extension,549,-597,388
arms,triceps-extension,557,-629,441
arms,triceps-extension,568,-709,532
arms,triceps-extension,504,-759,547
arms,triceps-extension,450,-754,511
arms,triceps-extension,463,-767,525
arms,triceps-extension,453,-838,583
arms,triceps-extension,402,-897,586
arms,triceps-extension,364,-924,543
arms,triceps-extension,352,-952,552
arms,triceps-extension,337,-983,565
arms,triceps-extension,309,-1000,585
arms,triceps-extension,282,-989,636
arms,triceps-extension,251,-973,667
arms,triceps-extension,213,-968,669
arms,triceps-extension,178,-968,631
arms,triceps-extension,156,-974,650
arms,triceps-extension,141,-989,645
arms,triceps-extension,144,-1000,648
arms,triceps-extension,128,-1000,634
arms,triceps-extension,128,-1002,640
arms,triceps-extension,128,-1008,644
arms,triceps-extension,130,-1006,646
arms,triceps-extension,140,-996,625
arms,triceps-extension,154,-979,649
arms,triceps-extension,163,-954,628
arms,triceps-extension,175,-925,647
arms,triceps-extension,174,-910,635
arms,triceps-extension,211,-895,608
arms,triceps-extension,235,-887,609
arms,triceps-extension,258,-881,614
arms,triceps-extension,282,-886,593
arms,triceps-extension,313,-864,598
arms,triceps-extension,337,-857,561
arms,triceps-extension,384,-880,592
arms,triceps-extension,392,-880,576
arms,triceps-extension,439,-849,607
arms,triceps-extension,425,-848,509
arms,triceps-extension,446,-811,571
arms,triceps-extension,470,-786,532
arms,triceps-extension,465,-763,507
arms,triceps-extension,506,-718,462
arms,triceps-extension,519,-712,483
arms,triceps-extension,540,-659,421
arms,triceps-extension,564,-622,454
arms,triceps-extension,587,-635,413
arms,triceps-extension,604,-609,394
arms,triceps-extension,626,-582,392
arms,triceps-extension,638,-541,357
arms,triceps-extension,674,-482,361
arms,triceps-extension,682,-470,290
arms,triceps-extension,702,-461,272
arms,triceps-extension,701,-435,248
arms,triceps-extension,681,-388,212
arms,triceps-extension,667,-358,210
arms,triceps-extension,664,-352,240
arms,triceps-extension,673,-301,247
arms,triceps-extension,689,-246,236
arms,triceps-extension,700,-241,197
arms,triceps-extension,733,-252,168
arms,triceps-extension,776,-284,184
arms,triceps-extension,830,-289,192
arms,triceps-extension,868,-305,199
arms,triceps-extension,899,-331,205
arms,triceps-extension,924,-321,162
arms,triceps-extension,896,-341,136
arms,triceps-extension,887,-318,166
arms,triceps-extension,866,-282,176
arms,triceps-extension,851,-272,184
arms,triceps-extension,817,-277,200
arms,triceps-extension,766,-276,212
arms,triceps-extension,765,-250,245
arms,triceps-extension,755,-292,256
arms,triceps-extension,692,-372,260
arms,triceps-extension,687,-325,265
arms,triceps-extension,714,-380,258
arms,triceps-extension,699,-434,324
arms,triceps-extension,607,-476,307
arms,triceps-extension,601,-467,332
arms,triceps-extension,602,-529,394
arms,triceps-extension,564,-545,356
arms,triceps-extension,599,-630,389
arms,triceps-extension,581,-693,366
arms,triceps-extension,541,-769,450
arms,triceps-extension,488,-783,480
arms,triceps-extension,480,-737,463
arms,triceps-extension,480,-807,409
arms,triceps-extension,441,-862,493
arms,triceps-extension,333,-818,526
arms,triceps-extension,350,-771,513
arms,triceps-extension,330,-877,497
arms,triceps-extension,299,-909,539
arms,triceps-extension,212,-863,537
arms,triceps-extension,214,-863,556
arms,triceps-extension,189,-891,647
arms,triceps-extension,138,-889,664
arms,triceps-extension,103,-907,613
arms,triceps-extension,102,-962,650
arms,triceps-extension,62,-1006,628
arms,triceps-extension,48,-1051,622
arms,triceps-extension,25,-1087,630
arms,triceps-extension,-1,-1102,643
arms,triceps-extension,-19,-1088,691
arms,triceps-extension,-40,-1075,670
arms,triceps-extension,-33,-1047,673
arms,triceps-extension,-34,-1022,732
arms,triceps-extension,-45,-997,679
arms,triceps-extension,-34,-956,675
arms,triceps-extension,-20,-936,685
arms,triceps-extension,-7,-923,647
arms,triceps-extension,0,-912,628
arms,triceps-extension,12,-912,620
arms,triceps-extension,39,-912,624
arms,triceps-extension,63,-919,617
arms,triceps-extension,83,-932,607
arms,triceps-extension,116,-926,606
arms,triceps-extension,144,-918,579
arms,triceps-extension,159,-928,560
arms,triceps-extension,187,-925,560
arms,triceps-extension,197,-906,555
arms,triceps-extension,213,-870,552
arms,triceps-extension,224,-846,549
arms,triceps-extension,226,-838,495
arms,triceps-extension,240,-824,485
arms,triceps-extension,274,-790,516
arms,triceps-extension,317,-755,509
arms,triceps-extension,367,-739,526
arms,triceps-extension,399,-751,517
arms,triceps-extension,440,-744,507
arms,triceps-extension,485,-743,520
arms,triceps-extension,515,-736,517
arms,triceps-extension,540,-736,496
arms,triceps-extension,577,-736,492
arms,triceps-extension,594,-734,449
arms,triceps-extension,625,-710,454
arms,triceps-extension,647,-671,415
arms,triceps-extension,624,-648,376
arms,triceps-extension,680,-584,400
arms,triceps-extension,680,-584,400
arms,triceps-extension,672,-568,377
arms,triceps-extension,725,-522,353
arms,triceps-extension,691,-460,315
arms,triceps-extension,703,-449,283
arms,triceps-extension,740,-398,287
arms,triceps-extension,737,-364,295
arms,triceps-extension,743,-326,289
arms,triceps-extension,797,-320,281
arms,triceps-extension,815,-320,254
arms,triceps-extension,778,-295,178
arms,triceps-extension,762,-263,141
arms,triceps-extension,760,-274,172
arms,triceps-extension,766,-245,172
arms,triceps-extension,791,-255,237
arms,triceps-extension,800,-219,180
arms,triceps-extension,843,-227,144
arms,triceps-extension,864,-261,128
arms,triceps-extension,884,-257,120
arms,triceps-extension,901,-258,120
arms,triceps-extension,885,-254,110
arms,triceps-extension,872,-267,141
arms,triceps-extension,881,-253,150
arms,triceps-extension,875,-241,110
arms,triceps-extension,843,-273,138
arms,triceps-extension,840,-240,180
arms,triceps-extension,844,-230,172
arms,triceps-extension,865,-284,220
arms,triceps-extension,872,-284,227
arms,triceps-extension,829,-267,173
arms,triceps-extension,840,-254,211
arms,triceps-extension,846,-304,277
arms,triceps-extension,787,-330,307
arms,triceps-extension,747,-280,259
arms,triceps-extension,786,-351,305
arms,triceps-extension,785,-432,385
arms,triceps-extension,689,-423,352
arms,triceps-extension,710,-430,323
arms,triceps-extension,791,-549,379
arms,triceps-extension,699,-651,459
arms,triceps-extension,661,-616,435
arms,triceps-extension,673,-663,420
arms,triceps-extension,624,-721,429
arms,triceps-extension,545,-684,381
arms,triceps-extension,550,-673,411
arms,triceps-extension,527,-739,438
arms,triceps-extension,443,-760,488
arms,triceps-extension,394,-681,489
arms,triceps-extension,416,-702,501
arms,triceps-extension,414,-815,590
arms,triceps-extension,352,-792,520
arms,triceps-extension,304,-768,544
arms,triceps-extension,335,-838,552
arms,triceps-extension,283,-893,514
arms,triceps-extension,250,-903,527
arms,triceps-extension,219,-919,513
arms,triceps-extension,187,-949,505
arms,triceps-extension,156,-973,511
arms,triceps-extension,132,-1003,519
arms,triceps-extension,121,-1008,513
arms,triceps-extension,113,-1028,571
arms,triceps-extension,106,-1032,603
arms,triceps-extension,98,-1051,571
arms,triceps-extension,96,-1056,572
arms,triceps-extension,102,-1056,576
arms,triceps-extension,93,-1056,547
arms,triceps-extension,94,-1050,530
arms,triceps-extension,101,-1037,501
arms,triceps-extension,99,-1048,477
arms,triceps-extension,111,-1046,492
arms,triceps-extension,110,-1020,450
arms,triceps-extension,114,-1008,449
arms,triceps-extension,139,-999,463
arms,triceps-extension,152,-979,438
arms,triceps-extension,152,-981,450
arms,triceps-extension,181,-988,464
arms,triceps-extension,204,-972,448
arms,triceps-extension,212,-956,448
arms,triceps-extension,231,-956,449
arms,triceps-extension,247,-953,433
arms,triceps-extension,266,-934,424
arms,triceps-extension,286,-920,424
arms,triceps-extension,305,-914,430
arms,triceps-extension,320,-901,428
arms,triceps-extension,334,-896,408
arms,triceps-extension,368,-886,390
arms,triceps-extension,384,-874,357
arms,triceps-extension,395,-894,382
arms,triceps-extension,430,-886,410
arms,triceps-extension,454,-874,402
arms,triceps-extension,476,-854,418
arms,triceps-extension,493,-843,370
arms,triceps-extension,518,-821,379
arms,triceps-extension,548,-808,383
arms,triceps-extension,570,-803,340
arms,triceps-extension,587,-772,360
arms,triceps-extension,610,-738,357
arms,triceps-extension,622,-685,323
arms,triceps-extension,604,-653,276
arms,triceps-extension,665,-615,334
arms,triceps-extension,689,-599,303
arms,triceps-extension,712,-552,272
arms,triceps-extension,712,-568,296
arms,triceps-extension,735,-483,257
arms,triceps-extension,751,-488,256
arms,triceps-extension,812,-466,256
arms,triceps-extension,816,-435,249
arms,triceps-extension,816,-418,205
arms,triceps-extension,851,-409,207
arms,triceps-extension,829,-347,160
arms,triceps-extension,784,-289,112
arms,triceps-extension,724,-273,52
arms,triceps-extension,687,-208,84
arms,triceps-extension,717,-161,127
arms,triceps-extension,716,-128,106
arms,triceps-extension,753,-138,96
arms,triceps-extension,797,-178,90
arms,triceps-extension,836,-209,116
arms,triceps-extension,908,-173,106
arms,triceps-extension,941,-199,101
arms,triceps-extension,964,-204,94
arms,triceps-extension,966,-212,83
arms,triceps-extension,941,-234,133
arms,triceps-extension,905,-203,122
arms,triceps-extension,861,-180,75
arms,triceps-extension,840,-201,103
arms,triceps-extension,811,-191,99
arms,triceps-extension,776,-192,84
arms,triceps-extension,795,-201,146
arms,triceps-extension,772,-206,155
arms,triceps-extension,768,-225,179
arms,triceps-extension,830,-273,254
arms,triceps-extension,768,-349,224
arms,triceps-extension,736,-316,231
arms,triceps-extension,823,-330,295
arms,triceps-extension,831,-465,342
arms,triceps-extension,758,-518,366
arms,triceps-extension,746,-513,333
arms,triceps-extension,775,-579,367
arms,triceps-extension,754,-650,394
arms,triceps-extension,632,-640,314
arms,triceps-extension,597,-606,327
arms,triceps-extension,632,-679,355
arms,triceps-extension,582,-767,367
arms,triceps-extension,501,-751,367
arms,triceps-extension,490,-719,407
arms,triceps-extension,496,-816,458
arms,triceps-extension,435,-863,511
arms,triceps-extension,393,-795,377
arms,triceps-extension,406,-831,477
arms,triceps-extension,372,-916,540
arms,triceps-extension,304,-848,464
arms,triceps-extension,320,-857,457
arms,triceps-extension,288,-927,519
arms,triceps-extension,226,-912,504
arms,triceps-extension,178,-889,420
arms,triceps-extension,176,-918,416
arms,triceps-extension,183,-920,445
arms,triceps-extension,163,-956,477
arms,triceps-extension,139,-1002,515
arms,triceps-extension,109,-1049,500
arms,triceps-extension,111,-1063,476
arms,triceps-extension,86,-1090,485
arms,triceps-extension,86,-1096,513
arms,triceps-extension,76,-1084,551
arms,triceps-extension,54,-1080,542
arms,triceps-extension,42,-1068,530
arms,triceps-extension,17,-1053,539
arms,triceps-extension,14,-1042,522
arms,triceps-extension,16,-1029,496
arms,triceps-extension,32,-1013,499
arms,triceps-extension,50,-1008,484
arms,triceps-extension,61,-988,462
arms,triceps-extension,74,-981,466
arms,triceps-extension,94,-984,453
arms,triceps-extension,117,-975,449
arms,triceps-extension,150,-964,469
arms,triceps-extension,160,-952,451
arms,triceps-extension,164,-940,452
arms,triceps-extension,195,-928,476
arms,triceps-extension,220,-920,490
arms,triceps-extension,228,-927,494
arms,triceps-extension,249,-929,489
arms,triceps-extension,275,-920,493
arms,triceps-extension,280,-917,464
arms,triceps-extension,289,-903,476
arms,triceps-extension,309,-880,507
arms,triceps-extension,320,-859,512
arms,triceps-extension,330,-843,475
arms,triceps-extension,357,-823,469
arms,triceps-extension,376,-800,488
arms,triceps-extension,406,-796,508
arms,triceps-extension,433,-779,501
arms,triceps-extension,469,-762,515
arms,triceps-extension,494,-768,496
arms,triceps-extension,525,-763,496
arms,triceps-extension,558,-735,492
arms,triceps-extension,595,-726,469
arms,triceps-extension,619,-709,448
arms,triceps-extension,643,-676,447
arms,triceps-extension,671,-638,434
arms,triceps-extension,666,-615,356
arms,triceps-extension,705,-590,424
arms,triceps-extension,736,-536,408
arms,triceps-extension,736,-504,320
arms,triceps-extension,736,-504,320
arms,triceps-extension,752,-473,398
arms,triceps-extension,752,-426,263
arms,triceps-extension,737,-402,241
arms,triceps-extension,765,-385,276
arms,triceps-extension,768,-348,266
arms,triceps-extension,754,-316,222
arms,triceps-extension,766,-319,223
arms,triceps-extension,761,-300,157
arms,triceps-extension,780,-296,190
arms,triceps-extension,778,-245,149
arms,triceps-extension,782,-238,186
arms,triceps-extension,772,-252,115
arms,triceps-extension,792,-250,129
arms,triceps-extension,817,-231,104
arms,triceps-extension,835,-263,127
arms,triceps-extension,878,-258,144
arms,triceps-extension,880,-269,102
arms,triceps-extension,882,-265,136
arms,triceps-extension,873,-241,153
arms,triceps-extension,869,-256,149
arms,triceps-extension,844,-263,120
arms,triceps-extension,811,-252,114
arms,triceps-extension,826,-244,137
arms,triceps-extension,811,-286,161
arms,triceps-extension,768,-288,168
arms,triceps-extension,787,-271,175
arms,triceps-extension,783,-340,244
arms,triceps-extension,719,-367,286
arms,triceps-extension,732,-366,291
arms,triceps-extension,763,-453,357
arms,triceps-extension,692,-505,369
arms,triceps-extension,677,-492,340
arms,triceps-extension,717,-545,423
arms,triceps-extension,665,-603,476
arms,triceps-extension,595,-597,402
arms,triceps-extension,589,-622,413
arms,triceps-extension,598,-679,464
arms,triceps-extension,565,-736,543
arms,triceps-extension,471,-703,444
arms,triceps-extension,450,-682,471
arms,triceps-extension,481,-739,534
arms,triceps-extension,429,-815,549
arms,triceps-extension,337,-769,504
arms,triceps-extension,344,-790,562
arms,triceps-extension,335,-885,627
arms,triceps-extension,260,-862,582
arms,triceps-extension,225,-844,563
arms,triceps-extension,232,-906,600
arms,triceps-extension,230,-936,607
arms,triceps-extension,152,-929,577
arms,triceps-extension,128,-983,639
arms,triceps-extension,112,-1015,601
arms,triceps-extension,104,-1031,661
arms,triceps-extension,97,-1047,657
arms,triceps-extension,103,-1033,649
arms,triceps-extension,83,-1018,734
arms,triceps-extension,59,-1009,723
arms,triceps-extension,49,-1022,713
arms,triceps-extension,48,-997,779
arms,triceps-extension,28,-972,753
arms,triceps-extension,18,-955,712
arms,triceps-extension,28,-921,723
arms,triceps-extension,26,-894,692
arms,triceps-extension,24,-894,686
arms,triceps-extension,35,-890,677
arms,triceps-extension,51,-866,672
arms,triceps-extension,56,-856,640
arms,triceps-extension,61,-845,650
arms,triceps-extension,84,-830,669
arms,triceps-extension,106,-819,637
arms,triceps-extension,122,-816,635
arms,triceps-extension,137,-816,625
arms,triceps-extension,157,-798,590
arms,triceps-extension,177,-780,615
arms,triceps-extension,184,-776,640
arms,triceps-extension,192,-768,628
arms,triceps-extension,212,-752,632
arms,triceps-extension,228,-748,636
arms,triceps-extension,239,-748,628
arms,triceps-extension,258,-741,627
arms,triceps-extension,278,-730,645
arms,triceps-extension,297,-723,676
arms,triceps-extension,321,-725,673
arms,triceps-extension,339,-725,646
arms,triceps-extension,349,-736,672
arms,triceps-extension,365,-729,670
arms,triceps-extension,385,-714,664
arms,triceps-extension,414,-718,656
arms,triceps-extension,436,-708,634
arms,triceps-extension,453,-698,638
arms,triceps-extension,475,-699,630
arms,triceps-extension,492,-677,625
arms,triceps-extension,517,-659,627
arms,triceps-extension,545,-633,598
arms,triceps-extension,555,-640,583
arms,triceps-extension,578,-637,579
arms,triceps-extension,593,-607,592
arms,triceps-extension,609,-590,503
arms,triceps-extension,617,-559,495
arms,triceps-extension,641,-536,479
arms,triceps-extension,672,-528,456
arms,triceps-extension,696,-496,432
arms,triceps-extension,704,-473,370
arms,triceps-extension,719,-449,391
arms,triceps-extension,727,-433,370
arms,triceps-extension,764,-396,390
arms,triceps-extension,725,-363,299
arms,triceps-extension,748,-360,253
arms,triceps-extension,752,-333,241
arms,triceps-extension,752,-288,187
arms,triceps-extension,772,-273,156
arms,triceps-extension,795,-285,133
arms,triceps-extension,794,-276,134
arms,triceps-extension,828,-278,136
arms,triceps-extension,887,-286,142
arms,triceps-extension,904,-311,155
arms,triceps-extension,915,-303,177
arms,triceps-extension,920,-291,135
arms,triceps-extension,909,-288,154
arms,triceps-extension,904,-268,191
arms,triceps-extension,864,-251,170
arms,triceps-extension,826,-243,162
arms,triceps-extension,821,-254,196
arms,triceps-extension,788,-246,189
arms,triceps-extension,764,-219,207
arms,triceps-extension,785,-237,252
arms,triceps-extension,780,-284,260
arms,triceps-extension,752,-308,260
arms,triceps-extension,766,-353,293
arms,triceps-extension,764,-393,328
arms,triceps-extension,715,-377,311
arms,triceps-extension,725,-397,314
arms,triceps-extension,747,-464,392
arms,triceps-extension,686,-484,421
arms,triceps-extension,667,-470,401
arms,triceps-extension,692,-533,483
arms,triceps-extension,615,-557,461
arms,triceps-extension,592,-539,407
arms,triceps-extension,636,-640,454
arms,triceps-extension,624,-724,516
arms,triceps-extension,547,-710,458
arms,triceps-extension,528,-725,467
arms,triceps-extension,522,-814,490
arms,triceps-extension,483,-831,521
arms,triceps-extension,411,-786,452
arms,triceps-extension,387,-810,480
arms,triceps-extension,400,-879,534
arms,triceps-extension,335,-868,522
arms,triceps-extension,321,-827,546
arms,triceps-extension,326,-872,576
arms,triceps-extension,294,-879,583
arms,triceps-extension,232,-840,560
arms,triceps-extension,256,-824,584
arms,triceps-extension,233,-886,545
arms,triceps-extension,202,-865,544
arms,triceps-extension,178,-894,537
arms,triceps-extension,176,-911,580
arms,triceps-extension,147,-898,613
arms,triceps-extension,144,-917,581
arms,triceps-extension,137,-947,590
arms,triceps-extension,143,-945,625
arms,triceps-extension,118,-970,606
arms,triceps-extension,125,-957,625
arms,triceps-extension,116,-952,632
arms,triceps-extension,106,-970,662
arms,triceps-extension,104,-976,637
arms,triceps-extension,110,-959,681
arms,triceps-extension,112,-941,693
arms,triceps-extension,112,-936,677
arms,triceps-extension,117,-952,614
arms,triceps-extension,125,-945,609
arms,triceps-extension,113,-941,619
arms,triceps-extension,109,-939,597
arms,triceps-extension,121,-922,589
arms,triceps-extension,128,-912,588
arms,triceps-extension,132,-903,597
arms,triceps-extension,140,-892,583
arms,triceps-extension,148,-868,556
arms,triceps-extension,164,-848,560
arms,triceps-extension,183,-848,561
arms,triceps-extension,203,-841,563
arms,triceps-extension,223,-825,589
arms,triceps-extension,242,-816,582
arms,triceps-extension,259,-816,556
arms,triceps-extension,273,-813,582
arms,triceps-extension,299,-805,595
arms,triceps-extension,323,-795,577
arms,triceps-extension,326,-794,528
arms,triceps-extension,327,-814,528
arms,triceps-extension,352,-806,534
arms,triceps-extension,382,-794,546
arms,triceps-extension,404,-776,528
arms,triceps-extension,416,-779,526
arms,triceps-extension,420,-791,516
arms,triceps-extension,448,-780,504
arms,triceps-extension,489,-762,539
arms,triceps-extension,498,-774,507
arms,triceps-extension,514,-761,469
arms,triceps-extension,531,-767,449
arms,triceps-extension,560,-750,462
arms,triceps-extension,561,-728,428
arms,triceps-extension,576,-719,359
arms,triceps-extension,584,-688,336
arms,triceps-extension,616,-688,432
arms,triceps-extension,616,-688,432
arms,triceps-extension,639,-672,432
arms,triceps-extension,701,-642,478
arms,triceps-extension,704,-640,428
arms,triceps-extension,711,-618,417
arms,triceps-extension,762,-587,452
arms,triceps-extension,782,-577,400
arms,triceps-extension,804,-562,351
arms,triceps-extension,801,-527,351
arms,triceps-extension,820,-500,313
arms,triceps-extension,818,-445,310
arms,triceps-extension,785,-395,231
arms,triceps-extension,782,-378,232
arms,triceps-extension,784,-341,211
arms,triceps-extension,795,-294,206
arms,triceps-extension,828,-280,191
arms,triceps-extension,835,-269,162
arms,triceps-extension,853,-232,168
arms,triceps-extension,864,-211,145
arms,triceps-extension,844,-213,123
arms,triceps-extension,813,-202,91
arms,triceps-extension,805,-220,77
arms,triceps-extension,804,-231,93
arms,triceps-extension,800,-211,87
arms,triceps-extension,804,-200,101
arms,triceps-extension,816,-204,96
arms,triceps-extension,843,-212,95
arms,triceps-extension,864,-216,150
arms,triceps-extension,871,-220,158
arms,triceps-extension,867,-234,133
arms,triceps-extension,848,-235,138
arms,triceps-extension,851,-234,173
arms,triceps-extension,833,-258,191
arms,triceps-extension,800,-234,174
arms,triceps-extension,816,-244,210
arms,triceps-extension,789,-318,230
arms,triceps-extension,717,-314,233
arms,triceps-extension,716,-324,275
arms,triceps-extension,759,-363,324
arms,triceps-extension,647,-441,316
arms,triceps-extension,628,-434,349
arms,triceps-extension,665,-510,428
arms,triceps-extension,627,-539,395
arms,triceps-extension,615,-564,341
arms,triceps-extension,702,-642,419
arms,triceps-extension,683,-713,440
arms,triceps-extension,636,-720,439
arms,triceps-extension,601,-721,427
arms,triceps-extension,605,-738,475
arms,triceps-extension,549,-765,535
arms,triceps-extension,456,-664,504
arms,triceps-extension,464,-704,520
arms,triceps-extension,448,-727,520
arms,triceps-extension,433,-789,550
arms,triceps-extension,395,-829,604
arms,triceps-extension,356,-825,593
arms,triceps-extension,331,-881,613
arms,triceps-extension,286,-902,581
arms,triceps-extension,246,-918,590
arms,triceps-extension,227,-913,619
arms,triceps-extension,204,-925,598
arms,triceps-extension,187,-941,624
arms,triceps-extension,165,-963,657
arms,triceps-extension,136,-968,622
arms,triceps-extension,110,-968,632
arms,triceps-extension,110,-991,646
arms,triceps-extension,106,-1000,642
arms,triceps-extension,93,-995,645
arms,triceps-extension,93,-981,653
arms,triceps-extension,96,-976,661
arms,triceps-extension,101,-956,649
arms,triceps-extension,99,-934,669
arms,triceps-extension,101,-928,674
arms,triceps-extension,104,-924,619
arms,triceps-extension,104,-920,571
arms,triceps-extension,108,-908,568
arms,triceps-extension,116,-892,540
arms,triceps-extension,128,-888,519
arms,triceps-extension,158,-881,551
arms,triceps-extension,184,-865,564
arms,triceps-extension,194,-853,560
arms,triceps-extension,211,-842,573
arms,triceps-extension,222,-823,589
arms,triceps-extension,226,-814,581
arms,triceps-extension,227,-819,571
arms,triceps-extension,243,-795,550
arms,triceps-extension,234,-768,535
arms,triceps-extension,245,-761,557
arms,triceps-extension,254,-750,553
arms,triceps-extension,252,-768,514
arms,triceps-extension,269,-770,531
arms,triceps-extension,290,-781,558
arms,triceps-extension,302,-797,526
arms,triceps-extension,333,-783,548
arms,triceps-extension,364,-777,532
arms,triceps-extension,386,-785,554
arms,triceps-extension,403,-790,566
arms,triceps-extension,433,-777,560
arms,triceps-extension,442,-785,633
arms,triceps-extension,464,-791,546
arms,triceps-extension,456,-768,575
arms,triceps-extension,464,-776,528
arms,triceps-extension,496,-760,584
arms,triceps-extension,535,-752,506
arms,triceps-extension,528,-744,504
arms,triceps-extension,550,-737,534
arms,triceps-extension,581,-700,529
arms,triceps-extension,591,-696,535
arms,triceps-extension,599,-689,515
arms,triceps-extension,648,-674,512
arms,triceps-extension,676,-692,485
arms,triceps-extension,687,-689,460
arms,triceps-extension,713,-650,373
arms,triceps-extension,714,-652,377
arms,triceps-extension,748,-626,366
arms,triceps-extension,766,-610,342
arms,triceps-extension,785,-579,376
arms,triceps-extension,814,-562,398
arms,triceps-extension,835,-538,276
arms,triceps-extension,814,-517,232
arms,triceps-extension,810,-492,255
arms,triceps-extension,821,-445,244
arms,triceps-extension,810,-405,184
arms,triceps-extension,819,-364,175
arms,triceps-extension,810,-335,174
arms,triceps-extension,792,-311,143
arms,triceps-extension,796,-259,170
arms,triceps-extension,788,-236,136
arms,triceps-extension,784,-236,95
arms,triceps-extension,788,-228,102
arms,triceps-extension,770,-246,47
arms,triceps-extension,755,-261,26
arms,triceps-extension,773,-262,53
arms,triceps-extension,807,-269,66
arms,triceps-extension,838,-270,50
arms,triceps-extension,862,-269,65
arms,triceps-extension,891,-243,99
arms,triceps-extension,898,-234,77
arms,triceps-extension,899,-235,93
arms,triceps-extension,890,-222,115
arms,triceps-extension,892,-202,126
arms,triceps-extension,880,-171,86
arms,triceps-extension,868,-206,133
arms,triceps-extension,830,-204,139
arms,triceps-extension,852,-237,223
arms,triceps-extension,828,-295,204
arms,triceps-extension,809,-248,145
arms,triceps-extension,817,-310,213
arms,triceps-extension,816,-361,249
arms,triceps-extension,738,-376,182
arms,triceps-extension,769,-380,266
arms,triceps-extension,791,-457,296
arms,triceps-extension,760,-488,280
arms,triceps-extension,744,-504,280
arms,triceps-extension,744,-535,303
arms,triceps-extension,752,-574,350
arms,triceps-extension,663,-561,307
arms,triceps-extension,671,-538,311
arms,triceps-extension,643,-593,383
arms,triceps-extension,640,-628,399
arms,triceps-extension,585,-632,414
arms,triceps-extension,589,-632,403
arms,triceps-extension,612,-704,446
arms,triceps-extension,578,-733,481
arms,triceps-extension,556,-736,519
arms,triceps-extension,564,-766,546
arms,triceps-extension,521,-782,558
arms,triceps-extension,493,-778,612
arms,triceps-extension,460,-787,587
arms,triceps-extension,421,-765,552
arms,triceps-extension,392,-768,560
arms,triceps-extension,369,-807,599
arms,triceps-extension,325,-824,606
arms,triceps-extension,280,-824,581
arms,triceps-extension,264,-838,587
arms,triceps-extension,251,-866,591
arms,triceps-extension,231,-867,597
arms,triceps-extension,203,-860,583
arms,triceps-extension,188,-892,560
arms,triceps-extension,184,-920,575
arms,triceps-extension,165,-931,581
arms,triceps-extension,148,-951,575
arms,triceps-extension,147,-943,574
arms,triceps-extension,142,-926,586
arms,triceps-extension,128,-936,633
arms,triceps-extension,134,-942,636
arms,triceps-extension,141,-955,621
arms,triceps-extension,141,-957,642
arms,triceps-extension,154,-950,659
arms,triceps-extension,162,-939,646
arms,triceps-extension,170,-928,642
arms,triceps-extension,180,-926,640
arms,triceps-extension,194,-916,614
arms,triceps-extension,200,-897,610
arms,triceps-extension,201,-871,617
arms,triceps-extension,209,-860,620
arms,triceps-extension,221,-838,592
arms,triceps-extension,248,-822,549
arms,triceps-extension,248,-809,581
arms,triceps-extension,249,-817,551
arms,triceps-extension,258,-823,544
arms,triceps-extension,280,-815,544
arms,triceps-extension,280,-800,543
arms,triceps-extension,272,-808,496
arms,triceps-extension,296,-808,512
arms,triceps-extension,296,-808,512
arms,triceps-extension,335,-816,496
arms,triceps-extension,351,-808,488
arms,triceps-extension,359,-823,488
arms,triceps-extension,382,-802,459
arms,triceps-extension,413,-807,449
arms,triceps-extension,416,-801,448
arms,triceps-extension,416,-814,462
arms,triceps-extension,436,-796,444
arms,triceps-extension,440,-792,427
arms,triceps-extension,453,-798,443
arms,triceps-extension,468,-781,460
arms,triceps-extension,478,-776,464
arms,triceps-extension,504,-776,423
arms,triceps-extension,518,-793,425
arms,triceps-extension,548,-783,371
arms,triceps-extension,565,-760,366
arms,triceps-extension,584,-752,418
arms,triceps-extension,607,-737,389
arms,triceps-extension,636,-708,400
arms,triceps-extension,658,-715,414
arms,triceps-extension,678,-723,417
arms,triceps-extension,715,-698,393
arms,triceps-extension,732,-671,394
arms,triceps-extension,749,-647,437
arms,triceps-extension,780,-624,388
arms,triceps-extension,788,-616,324
arms,triceps-extension,791,-609,332
arms,triceps-extension,807,-596,325
arms,triceps-extension,819,-582,322
arms,triceps-extension,827,-562,294
arms,triceps-extension,844,-543,238
arms,triceps-extension,864,-519,225
arms,triceps-extension,864,-485,187
arms,triceps-extension,864,-432,176
arms,triceps-extension,866,-385,146
arms,triceps-extension,861,-343,150
arms,triceps-extension,847,-309,142
arms,triceps-extension,886,-288,132
arms,triceps-extension,891,-308,125
arms,triceps-extension,925,-301,134
arms,triceps-extension,911,-319,93
arms,triceps-extension,901,-309,67
arms,triceps-extension,875,-294,-9
arms,triceps-extension,789,-274,-56
arms,triceps-extension,709,-227,1
arms,triceps-extension,685,-182,7
arms,triceps-extension,658,-159,2
arms,triceps-extension,691,-146,24
arms,triceps-extension,754,-185,24
arms,triceps-extension,825,-208,24
arms,triceps-extension,911,-224,48
arms,triceps-extension,974,-255,17
arms,triceps-extension,938,-279,-30
arms,triceps-extension,906,-258,-25
arms,triceps-extension,882,-241,34
arms,triceps-extension,880,-183,47
arms,triceps-extension,852,-190,41
arms,triceps-extension,807,-226,81
arms,triceps-extension,807,-205,121
arms,triceps-extension,795,-220,148
arms,triceps-extension,792,-262,171
arms,triceps-extension,742,-303,114
arms,triceps-extension,782,-342,168
arms,triceps-extension,782,-381,251
arms,triceps-extension,736,-403,266
arms,triceps-extension,770,-441,286
arms,triceps-extension,732,-499,312
arms,triceps-extension,699,-515,278
arms,triceps-extension,721,-548,322
arms,triceps-extension,741,-617,355
arms,triceps-extension,691,-658,347
arms,triceps-extension,637,-683,381
arms,triceps-extension,628,-727,426
arms,triceps-extension,606,-752,436
arms,triceps-extension,547,-723,432
arms,triceps-extension,504,-708,408
arms,triceps-extension,484,-755,426
arms,triceps-extension,454,-785,476
arms,triceps-extension,421,-794,491
arms,triceps-extension,405,-850,524
arms,triceps-extension,374,-896,529
arms,triceps-extension,333,-911,499
arms,triceps-extension,313,-948,524
arms,triceps-extension,269,-965,535
arms,triceps-extension,229,-963,504
arms,triceps-extension,214,-968,538
arms,triceps-extension,187,-957,542
arms,triceps-extension,172,-928,523
arms,triceps-extension,148,-930,500
arms,triceps-extension,105,-931,543
arms,triceps-extension,78,-914,563
arms,triceps-extension,69,-927,547
arms,triceps-extension,65,-957,560
arms,triceps-extension,111,-949,572
arms,triceps-extension,110,-979,638
arms,triceps-extension,151,-1000,627
arms,triceps-extension,147,-999,655
arms,triceps-extension,175,-985,632
arms,triceps-extension,170,-991,528
arms,triceps-extension,200,-976,519
arms,triceps-extension,200,-976,496
arms,triceps-extension,216,-968,496
arms,triceps-extension,224,-960,527
arms,triceps-extension,209,-937,513
arms,triceps-extension,215,-921,527
arms,triceps-extension,223,-927,470
arms,triceps-extension,224,-892,471
arms,triceps-extension,238,-874,507
arms,triceps-extension,247,-865,498
arms,triceps-extension,248,-857,456
arms,triceps-extension,241,-843,409
arms,triceps-extension,259,-840,413
arms,triceps-extension,264,-834,422
arms,triceps-extension,288,-814,424
arms,triceps-extension,284,-814,389
arms,triceps-extension,297,-816,439
arms,triceps-extension,326,-810,436
arms,triceps-extension,336,-808,440
arms,triceps-extension,341,-808,432
arms,triceps-extension,359,-783,465
arms,triceps-extension,378,-788,478
arms,triceps-extension,384,-800,462
arms,triceps-extension,389,-795,456
arms,triceps-extension,383,-805,443
arms,triceps-extension,380,-803,428
arms,triceps-extension,401,-780,445
arms,triceps-extension,424,-776,448
arms,triceps-extension,436,-776,417
arms,triceps-extension,447,-761,374
arms,triceps-extension,467,-756,358
arms,triceps-extension,490,-767,386
arms,triceps-extension,510,-766,358
arms,triceps-extension,514,-749,290
arms,triceps-extension,516,-747,312
arms,triceps-extension,569,-738,395
arms,triceps-extension,632,-715,427
arms,triceps-extension,656,-710,413
arms,triceps-extension,712,-690,473
arms,triceps-extension,733,-704,450
arms,triceps-extension,786,-734,424
arms,triceps-extension,779,-754,407
arms,triceps-extension,814,-760,425
arms,triceps-extension,811,-763,390
arms,triceps-extension,828,-765,333
arms,triceps-extension,836,-707,276
arms,triceps-extension,778,-677,250
arms,triceps-extension,841,-647,213
arms,triceps-extension,783,-576,247
arms,triceps-extension,771,-576,150
arms,triceps-extension,816,-574,130
arms,triceps-extension,825,-544,175
arms,triceps-extension,848,-536,144
arms,triceps-extension,864,-528,128
arms,triceps-extension,880,-528,112
arms,triceps-extension,926,-520,165
arms,triceps-extension,928,-490,153
arms,triceps-extension,972,-488,145
arms,triceps-extension,983,-459,137
arms,triceps-extension,1005,-421,129
arms,triceps-extension,1022,-382,87
arms,triceps-extension,991,-343,53
arms,triceps-extension,951,-356,-17
arms,triceps-extension,919,-309,-38
arms,triceps-extension,800,-240,-28
arms,triceps-extension,696,-139,36
arms,triceps-extension,601,-65,97
arms,triceps-extension,565,-37,146
arms,triceps-extension,560,-38,54
arms,triceps-extension,592,-121,-73
arms,triceps-extension,666,-213,-59
arms,triceps-extension,706,-271,-12
arms,triceps-extension,727,-288,-35
arms,triceps-extension,760,-278,-32
arms,triceps-extension,804,-244,40
arms,triceps-extension,846,-179,62
arms,triceps-extension,838,-140,13
arms,triceps-extension,799,-107,-20
arms,triceps-extension,760,-72,-20
arms,triceps-extension,686,-52,-70
arms,triceps-extension,617,-29,-132
arms,triceps-extension,565,-20,-150
arms,triceps-extension,507,-11,-181
arms,triceps-extension,462,11,-210
arms,triceps-extension,448,31,-184
arms,triceps-extension,485,68,-149
arms,triceps-extension,464,96,-184
arms,triceps-extension,468,120,-157
arms,triceps-extension,539,138,-180
arms,triceps-extension,533,158,-199
arms,triceps-extension,563,211,-201
arms,triceps-extension,598,274,-290
arms,triceps-extension,548,304,-328
arms,triceps-extension,560,309,-285
arms,triceps-extension,551,332,-330
arms,triceps-extension,513,356,-312
arms,triceps-extension,507,389,-346
arms,triceps-extension,432,479,-311
arms,triceps-extension,427,585,-298
arms,triceps-extension,380,603,-253
arms,triceps-extension,338,730,-303
arms,triceps-extension,255,864,-284
arms,triceps-extension,238,859,-203
arms,triceps-extension,168,944,-304
arms,triceps-extension,56,1040,-288
arms,triceps-extension,56,1040,-288
arms,triceps-extension,-53,1110,-78
arms,triceps-extension,-117,1203,-125
arms,triceps-extension,-247,1268,140
arms,triceps-extension,-365,1221,58
arms,triceps-extension,-504,1252,84
arms,triceps-extension,-576,1424,95
arms,triceps-extension,-639,1387,253
arms,triceps-extension,-701,1356,260
arms,triceps-extension,-764,1319,282
arms,triceps-extension,-814,1280,358
arms,triceps-extension,-855,1303,395
arms,triceps-extension,-936,1221,479
arms,triceps-extension,-948,1180,451
arms,triceps-extension,-955,1130,592
arms,triceps-extension,-932,1073,500
arms,triceps-extension,-909,1018,464
arms,triceps-extension,-883,921,469
arms,triceps-extension,-852,900,484
arms,triceps-extension,-855,808,452
arms,triceps-extension,-859,792,367
arms,triceps-extension,-875,773,444
arms,triceps-extension,-892,700,479
arms,triceps-extension,-922,711,440
arms,triceps-extension,-936,657,457
arms,triceps-extension,-928,596,436
arms,triceps-extension,-940,547,431
arms,triceps-extension,-956,509,468
arms,triceps-extension,-967,499,433
arms,triceps-extension,-969,449,354
arms,triceps-extension,-976,456,296
arms,triceps-extension,-963,411,358
arms,triceps-extension,-884,379,473
arms,triceps-extension,-864,351,385
arms,triceps-extension,-914,298,291
arms,triceps-extension,-954,325,280
arms,triceps-extension,-946,322,357
arms,triceps-extension,-1007,239,569
arms,triceps-extension,-1331,129,559
arms,triceps-extension,-1516,179,371
arms,triceps-extension,-1475,73,303
arms,triceps-extension,-1200,84,212
arms,triceps-extension,-859,244,259
arms,triceps-extension,-716,255,397
arms,triceps-extension,-743,204,439
arms,triceps-extension,-816,225,539
arms,triceps-extension,-1024,169,472
arms,triceps-extension,-1107,177,221
arms,triceps-extension,-1028,195,181
arms,triceps-extension,-958,245,131
arms,triceps-extension,-904,152,224
arms,triceps-extension,-920,192,272
arms,triceps-extension,-967,223,326
arms,triceps-extension,-960,247,404
arms,triceps-extension,-953,159,311
arms,triceps-extension,-937,130,311
arms,triceps-extension,-950,157,312
arms,triceps-extension,-980,146,319
arms,triceps-extension,-991,151,368
arms,triceps-extension,-959,179,369
arms,triceps-extension,-926,177,316
arms,triceps-extension,-895,157,298
arms,triceps-extension,-900,133,240
arms,triceps-extension,-916,98,188
arms,triceps-extension,-938,70,176
arms,triceps-extension,-950,64,216
arms,triceps-extension,-985,92,304
arms,triceps-extension,-978,115,336
arms,triceps-extension,-952,146,310
arms,triceps-extension,-934,231,306
arms,triceps-extension,-928,297,272
arms,triceps-extension,-928,322,277
arms,triceps-extension,-928,370,259
arms,triceps-extension,-937,436,214
arms,triceps-extension,-940,438,170
arms,triceps-extension,-944,387,186
arms,triceps-extension,-964,356,252
arms,triceps-extension,-995,356,326
arms,triceps-extension,-1042,353,391
arms,triceps-extension,-1104,365,479
arms,triceps-extension,-1171,402,565
arms,triceps-extension,-1279,429,589
arms,triceps-extension,-1405,439,598
arms,triceps-extension,-1446,383,509
arms,triceps-extension,-1459,326,443
arms,triceps-extension,-1441,427,435
arms,triceps-extension,-1363,625,382
arms,triceps-extension,-1273,711,200
arms,triceps-extension,-1188,667,31
arms,triceps-extension,-1088,592,-153
arms,triceps-extension,-985,539,-313
arms,triceps-extension,-850,513,-342
arms,triceps-extension,-724,485,-324
arms,triceps-extension,-655,463,-291
arms,triceps-extension,-555,408,-386
arms,triceps-extension,-474,357,-403
arms,triceps-extension,-429,335,-431
arms,triceps-extension,-398,328,-489
arms,triceps-extension,-375,329,-503
arms,triceps-extension,-358,338,-490
arms,triceps-extension,-312,367,-535
arms,triceps-extension,-312,328,-504
