arms,biceps-curl,216,752,-672
arms,biceps-curl,224,845,-579
arms,biceps-curl,247,856,-568
arms,biceps-curl,263,863,-575
arms,biceps-curl,286,871,-598
arms,biceps-curl,274,879,-507
arms,biceps-curl,251,803,-629
arms,biceps-curl,234,806,-662
arms,biceps-curl,192,768,-564
arms,biceps-curl,145,838,-505
arms,biceps-curl,231,710,-394
arms,biceps-curl,405,585,-300
arms,biceps-curl,533,614,-461
arms,biceps-curl,560,738,-620
arms,biceps-curl,543,816,-753
arms,biceps-curl,497,865,-608
arms,biceps-curl,426,826,-414
arms,biceps-curl,332,747,-455
arms,biceps-curl,276,684,-524
arms,biceps-curl,239,664,-541
arms,biceps-curl,191,717,-501
arms,biceps-curl,103,696,-472
arms,biceps-curl,-11,616,-423
arms,biceps-curl,-86,601,-380
arms,biceps-curl,-83,641,-447
arms,biceps-curl,-48,660,-524
arms,biceps-curl,-55,652,-409
arms,biceps-curl,-80,630,-279
arms,biceps-curl,-55,587,-330
arms,biceps-curl,-11,563,-367
arms,biceps-curl,27,565,-367
arms,biceps-curl,99,566,-434
arms,biceps-curl,188,593,-462
arms,biceps-curl,246,588,-386
arms,biceps-curl,319,559,-331
arms,biceps-curl,450,667,-402
arms,biceps-curl,636,753,-559
arms,biceps-curl,734,805,-546
arms,biceps-curl,766,749,-458
arms,biceps-curl,830,662,-463
arms,biceps-curl,930,659,-542
arms,biceps-curl,1036,662,-535
arms,biceps-curl,1056,604,-512
arms,biceps-curl,1054,533,-428
arms,biceps-curl,1042,471,-409
arms,biceps-curl,1059,462,-413
arms,biceps-curl,1087,447,-393
arms,biceps-curl,1078,437,-404
arms,biceps-curl,1047,397,-342
arms,biceps-curl,1033,336,-304
arms,biceps-curl,1072,328,-312
arms,biceps-curl,1080,312,-272
arms,biceps-curl,1072,289,-357
arms,biceps-curl,1026,265,-345
arms,biceps-curl,1017,271,-262
arms,biceps-curl,1023,316,-256
arms,biceps-curl,1038,327,-342
arms,biceps-curl,1033,356,-275
arms,biceps-curl,1032,408,-278
arms,biceps-curl,1072,436,-353
arms,biceps-curl,1080,505,-375
arms,biceps-curl,1086,571,-363
arms,biceps-curl,1076,640,-391
arms,biceps-curl,1054,692,-406
arms,biceps-curl,1007,733,-414
arms,biceps-curl,958,767,-370
arms,biceps-curl,905,787,-397
arms,biceps-curl,877,787,-465
arms,biceps-curl,851,789,-462
arms,biceps-curl,789,812,-433
arms,biceps-curl,735,804,-459
arms,biceps-curl,687,797,-475
arms,biceps-curl,641,791,-453
arms,biceps-curl,606,771,-476
arms,biceps-curl,557,764,-504
arms,biceps-curl,503,764,-487
arms,biceps-curl,436,720,-452
arms,biceps-curl,346,672,-455
arms,biceps-curl,267,671,-502
arms,biceps-curl,204,634,-503
arms,biceps-curl,124,569,-442
arms,biceps-curl,35,518,-390
arms,biceps-curl,-29,422,-376
arms,biceps-curl,-90,339,-379
arms,biceps-curl,-155,283,-368
arms,biceps-curl,-200,272,-333
arms,biceps-curl,-223,282,-333
arms,biceps-curl,-247,313,-344
arms,biceps-curl,-262,330,-365
arms,biceps-curl,-252,324,-430
arms,biceps-curl,-235,373,-452
arms,biceps-curl,-214,416,-469
arms,biceps-curl,-207,417,-484
arms,biceps-curl,-193,421,-467
arms,biceps-curl,-155,412,-479
arms,biceps-curl,-121,437,-477
arms,biceps-curl,-68,476,-511
arms,biceps-curl,-26,519,-503
arms,biceps-curl,44,594,-498
arms,biceps-curl,107,617,-531
arms,biceps-curl,171,640,-591
arms,biceps-curl,256,648,-560
arms,biceps-curl,328,744,-512
arms,biceps-curl,406,791,-566
arms,biceps-curl,454,784,-522
arms,biceps-curl,531,791,-520
arms,biceps-curl,616,748,-542
arms,biceps-curl,688,751,-573
arms,biceps-curl,682,703,-478
arms,biceps-curl,721,696,-416
arms,biceps-curl,788,683,-488
arms,biceps-curl,852,654,-452
arms,biceps-curl,858,597,-421
arms,biceps-curl,893,547,-435
arms,biceps-curl,922,494,-428
arms,biceps-curl,934,474,-353
arms,biceps-curl,959,466,-357
arms,biceps-curl,996,436,-362
arms,biceps-curl,1013,381,-306
arms,biceps-curl,1032,381,-254
arms,biceps-curl,1071,387,-306
arms,biceps-curl,1103,364,-349
arms,biceps-curl,1117,352,-299
arms,biceps-curl,1120,347,-329
arms,biceps-curl,1120,326,-376
arms,biceps-curl,1116,312,-367
arms,biceps-curl,1104,316,-368
arms,biceps-curl,1076,328,-376
arms,biceps-curl,1037,367,-364
arms,biceps-curl,1012,393,-352
arms,biceps-curl,1012,398,-348
arms,biceps-curl,1013,413,-351
arms,biceps-curl,1018,418,-347
arms,biceps-curl,1044,444,-340
arms,biceps-curl,1073,476,-357
arms,biceps-curl,1091,510,-357
arms,biceps-curl,1093,549,-371
arms,biceps-curl,1081,586,-383
arms,biceps-curl,1059,613,-402
arms,biceps-curl,1037,632,-389
arms,biceps-curl,1002,658,-356
arms,biceps-curl,973,664,-421
arms,biceps-curl,926,669,-450
arms,biceps-curl,870,691,-487
arms,biceps-curl,781,699,-491
arms,biceps-curl,719,673,-532
arms,biceps-curl,657,683,-470
arms,biceps-curl,605,701,-515
arms,biceps-curl,578,679,-544
arms,biceps-curl,506,670,-540
arms,biceps-curl,420,638,-479
arms,biceps-curl,341,590,-464
arms,biceps-curl,247,528,-464
arms,biceps-curl,169,480,-440
arms,biceps-curl,98,433,-424
arms,biceps-curl,43,402,-447
arms,biceps-curl,-12,378,-455
arms,biceps-curl,-67,325,-361
arms,biceps-curl,-122,299,-388
arms,biceps-curl,-135,289,-420
arms,biceps-curl,-143,295,-397
arms,biceps-curl,-157,336,-405
arms,biceps-curl,-140,364,-467
arms,biceps-curl,-136,393,-499
arms,biceps-curl,-142,394,-479
arms,biceps-curl,-138,356,-454
arms,biceps-curl,-89,379,-483
arms,biceps-curl,-20,444,-536
arms,biceps-curl,50,475,-535
arms,biceps-curl,104,491,-490
arms,biceps-curl,157,517,-530
arms,biceps-curl,217,543,-570
arms,biceps-curl,304,601,-546
arms,biceps-curl,382,637,-585
arms,biceps-curl,427,635,-578
arms,biceps-curl,494,654,-553
arms,biceps-curl,583,694,-577
arms,biceps-curl,645,704,-596
arms,biceps-curl,704,688,-548
arms,biceps-curl,756,676,-519
arms,biceps-curl,790,654,-540
arms,biceps-curl,834,621,-511
arms,biceps-curl,856,584,-480
arms,biceps-curl,866,542,-464
arms,biceps-curl,892,525,-422
arms,biceps-curl,909,503,-392
arms,biceps-curl,920,458,-397
arms,biceps-curl,957,419,-392
arms,biceps-curl,973,382,-353
arms,biceps-curl,984,353,-327
arms,biceps-curl,984,325,-302
arms,biceps-curl,992,292,-300
arms,biceps-curl,1020,276,-312
arms,biceps-curl,1040,262,-314
arms,biceps-curl,1079,255,-316
arms,biceps-curl,1113,245,-297
arms,biceps-curl,1119,228,-309
arms,biceps-curl,1112,207,-343
arms,biceps-curl,1110,202,-389
arms,biceps-curl,1095,220,-364
arms,biceps-curl,1079,266,-406
arms,biceps-curl,1062,288,-383
arms,biceps-curl,1016,282,-369
arms,biceps-curl,1016,344,-400
arms,biceps-curl,1032,360,-384
arms,biceps-curl,1032,360,-384
arms,biceps-curl,1032,383,-431
arms,biceps-curl,1024,437,-417
arms,biceps-curl,1039,507,-431
arms,biceps-curl,1047,527,-439
arms,biceps-curl,1048,557,-447
arms,biceps-curl,1048,574,-469
arms,biceps-curl,1048,603,-492
arms,biceps-curl,1041,648,-509
arms,biceps-curl,1027,656,-538
arms,biceps-curl,973,662,-519
arms,biceps-curl,904,689,-512
arms,biceps-curl,846,702,-548
arms,biceps-curl,814,686,-613
arms,biceps-curl,774,709,-621
arms,biceps-curl,710,698,-594
arms,biceps-curl,639,634,-557
arms,biceps-curl,569,571,-512
arms,biceps-curl,493,516,-527
arms,biceps-curl,420,496,-500
arms,biceps-curl,335,491,-491
arms,biceps-curl,250,446,-504
arms,biceps-curl,171,412,-459
arms,biceps-curl,106,399,-446
arms,biceps-curl,43,384,-447
arms,biceps-curl,-20,360,-432
arms,biceps-curl,-63,344,-440
arms,biceps-curl,-109,344,-426
arms,biceps-curl,-158,330,-425
arms,biceps-curl,-189,315,-463
arms,biceps-curl,-227,310,-449
arms,biceps-curl,-256,287,-440
arms,biceps-curl,-244,287,-495
arms,biceps-curl,-219,323,-528
arms,biceps-curl,-203,349,-539
arms,biceps-curl,-185,362,-521
arms,biceps-curl,-168,373,-509
arms,biceps-curl,-151,382,-514
arms,biceps-curl,-84,378,-518
arms,biceps-curl,-4,400,-591
arms,biceps-curl,74,464,-624
arms,biceps-curl,119,497,-643
arms,biceps-curl,168,509,-593
arms,biceps-curl,260,542,-646
arms,biceps-curl,339,581,-678
arms,biceps-curl,423,622,-665
arms,biceps-curl,486,673,-673
arms,biceps-curl,557,687,-676
arms,biceps-curl,634,673,-624
arms,biceps-curl,665,687,-615
arms,biceps-curl,704,640,-584
arms,biceps-curl,728,608,-600
arms,biceps-curl,736,592,-584
arms,biceps-curl,766,600,-569
arms,biceps-curl,820,593,-523
arms,biceps-curl,824,541,-484
arms,biceps-curl,853,493,-494
arms,biceps-curl,884,481,-503
arms,biceps-curl,888,466,-443
arms,biceps-curl,881,451,-399
arms,biceps-curl,900,422,-412
arms,biceps-curl,923,372,-384
arms,biceps-curl,940,335,-376
arms,biceps-curl,950,310,-370
arms,biceps-curl,976,286,-368
arms,biceps-curl,990,274,-351
arms,biceps-curl,998,250,-311
arms,biceps-curl,1027,245,-312
arms,biceps-curl,1072,237,-315
arms,biceps-curl,1088,207,-312
arms,biceps-curl,1088,197,-322
arms,biceps-curl,1083,190,-328
arms,biceps-curl,1085,207,-337
arms,biceps-curl,1084,228,-322
arms,biceps-curl,1067,236,-334
arms,biceps-curl,1052,248,-360
arms,biceps-curl,1044,264,-388
arms,biceps-curl,1052,284,-393
arms,biceps-curl,1060,318,-379
arms,biceps-curl,1060,358,-420
arms,biceps-curl,1071,396,-469
arms,biceps-curl,1070,440,-482
arms,biceps-curl,1050,473,-487
arms,biceps-curl,1028,491,-509
arms,biceps-curl,1003,501,-515
arms,biceps-curl,987,525,-541
arms,biceps-curl,957,554,-550
arms,biceps-curl,907,567,-549
arms,biceps-curl,883,588,-573
arms,biceps-curl,844,608,-614
arms,biceps-curl,823,630,-636
arms,biceps-curl,776,619,-630
arms,biceps-curl,700,599,-550
arms,biceps-curl,643,587,-519
arms,biceps-curl,608,559,-594
arms,biceps-curl,549,551,-601
arms,biceps-curl,463,543,-547
arms,biceps-curl,379,536,-506
arms,biceps-curl,324,538,-525
arms,biceps-curl,268,565,-490
arms,biceps-curl,190,504,-519
arms,biceps-curl,128,512,-480
arms,biceps-curl,48,472,-424
arms,biceps-curl,1,449,-463
arms,biceps-curl,-46,448,-487
arms,biceps-curl,-100,426,-399
arms,biceps-curl,-162,336,-399
arms,biceps-curl,-189,314,-436
arms,biceps-curl,-206,284,-440
arms,biceps-curl,-208,266,-365
arms,biceps-curl,-188,291,-465
arms,biceps-curl,-171,329,-501
arms,biceps-curl,-149,368,-517
arms,biceps-curl,-125,370,-520
arms,biceps-curl,-84,398,-502
arms,biceps-curl,-48,437,-531
arms,biceps-curl,17,465,-578
arms,biceps-curl,79,500,-586
arms,biceps-curl,123,517,-595
arms,biceps-curl,168,541,-589
arms,biceps-curl,240,577,-594
arms,biceps-curl,321,612,-615
arms,biceps-curl,395,624,-610
arms,biceps-curl,456,629,-568
arms,biceps-curl,520,672,-557
arms,biceps-curl,587,708,-594
arms,biceps-curl,645,700,-587
arms,biceps-curl,676,664,-516
arms,biceps-curl,707,628,-491
arms,biceps-curl,773,612,-530
arms,biceps-curl,841,619,-527
arms,biceps-curl,872,615,-462
arms,biceps-curl,891,576,-435
arms,biceps-curl,929,534,-473
arms,biceps-curl,944,495,-456
arms,biceps-curl,955,480,-397
arms,biceps-curl,979,470,-402
arms,biceps-curl,986,436,-417
arms,biceps-curl,992,394,-386
arms,biceps-curl,996,356,-352
arms,biceps-curl,1014,344,-354
arms,biceps-curl,1041,337,-358
arms,biceps-curl,1075,309,-347
arms,biceps-curl,1087,296,-316
arms,biceps-curl,1079,295,-275
arms,biceps-curl,1071,286,-333
arms,biceps-curl,1063,274,-360
arms,biceps-curl,1054,290,-360
arms,biceps-curl,1040,305,-361
arms,biceps-curl,1040,313,-378
arms,biceps-curl,1038,320,-408
arms,biceps-curl,1009,329,-402
arms,biceps-curl,1040,368,-464
arms,biceps-curl,1024,384,-464
arms,biceps-curl,1040,431,-441
arms,biceps-curl,1032,455,-478
arms,biceps-curl,1025,478,-517
arms,biceps-curl,1031,509,-527
arms,biceps-curl,1018,533,-549
arms,biceps-curl,1009,578,-531
arms,biceps-curl,1015,625,-528
arms,biceps-curl,969,625,-548
arms,biceps-curl,927,657,-519
arms,biceps-curl,895,670,-537
arms,biceps-curl,863,660,-550
arms,biceps-curl,820,668,-534
arms,biceps-curl,749,660,-528
arms,biceps-curl,665,627,-517
arms,biceps-curl,584,610,-490
arms,biceps-curl,517,581,-496
arms,biceps-curl,464,542,-530
arms,biceps-curl,417,543,-564
arms,biceps-curl,336,493,-507
arms,biceps-curl,253,456,-440
arms,biceps-curl,192,502,-452
arms,biceps-curl,132,549,-490
arms,biceps-curl,61,560,-465
arms,biceps-curl,-5,498,-474
arms,biceps-curl,-64,420,-512
arms,biceps-curl,-127,392,-497
arms,biceps-curl,-193,351,-469
arms,biceps-curl,-246,305,-445
arms,biceps-curl,-267,272,-452
arms,biceps-curl,-272,221,-464
arms,biceps-curl,-260,204,-428
arms,biceps-curl,-220,247,-423
arms,biceps-curl,-179,299,-418
arms,biceps-curl,-160,317,-368
arms,biceps-curl,-127,327,-406
arms,biceps-curl,-70,367,-479
arms,biceps-curl,-9,386,-536
arms,biceps-curl,44,402,-528
arms,biceps-curl,96,428,-509
arms,biceps-curl,175,431,-553
arms,biceps-curl,288,515,-664
arms,biceps-curl,404,640,-720
arms,biceps-curl,475,678,-645
arms,biceps-curl,543,664,-670
arms,biceps-curl,597,663,-657
arms,biceps-curl,648,657,-667
arms,biceps-curl,739,664,-690
arms,biceps-curl,786,663,-606
arms,biceps-curl,817,646,-562
arms,biceps-curl,848,584,-616
arms,biceps-curl,896,592,-544
arms,biceps-curl,896,592,-544
arms,biceps-curl,904,584,-474
arms,biceps-curl,927,531,-518
arms,biceps-curl,943,498,-527
arms,biceps-curl,922,452,-470
arms,biceps-curl,920,405,-450
arms,biceps-curl,955,386,-476
arms,biceps-curl,953,370,-432
arms,biceps-curl,965,355,-384
arms,biceps-curl,961,313,-317
arms,biceps-curl,960,291,-285
arms,biceps-curl,985,294,-323
arms,biceps-curl,1058,290,-354
arms,biceps-curl,1104,253,-266
arms,biceps-curl,1083,217,-186
arms,biceps-curl,1061,214,-274
arms,biceps-curl,1051,221,-363
arms,biceps-curl,1048,213,-405
arms,biceps-curl,1043,228,-441
arms,biceps-curl,1040,265,-426
arms,biceps-curl,1035,275,-398
arms,biceps-curl,1037,291,-438
arms,biceps-curl,1053,317,-476
arms,biceps-curl,1073,354,-476
arms,biceps-curl,1068,409,-460
arms,biceps-curl,1056,456,-484
arms,biceps-curl,1056,480,-524
arms,biceps-curl,1060,506,-543
arms,biceps-curl,1057,535,-542
arms,biceps-curl,1038,557,-533
arms,biceps-curl,1014,579,-549
arms,biceps-curl,988,587,-550
arms,biceps-curl,953,615,-563
arms,biceps-curl,909,653,-576
arms,biceps-curl,846,648,-584
arms,biceps-curl,763,638,-558
arms,biceps-curl,671,611,-545
arms,biceps-curl,593,596,-562
arms,biceps-curl,538,574,-542
arms,biceps-curl,485,540,-541
arms,biceps-curl,432,526,-558
arms,biceps-curl,353,508,-548
arms,biceps-curl,275,456,-508
arms,biceps-curl,196,454,-412
arms,biceps-curl,123,439,-448
arms,biceps-curl,82,431,-552
arms,biceps-curl,26,419,-484
arms,biceps-curl,-36,369,-447
arms,biceps-curl,-98,382,-433
arms,biceps-curl,-136,336,-448
arms,biceps-curl,-152,320,-464
arms,biceps-curl,-184,312,-472
arms,biceps-curl,-192,289,-480
arms,biceps-curl,-184,303,-510
arms,biceps-curl,-162,341,-527
arms,biceps-curl,-160,359,-543
arms,biceps-curl,-117,353,-530
arms,biceps-curl,-112,345,-472
arms,biceps-curl,-85,337,-450
arms,biceps-curl,0,389,-575
arms,biceps-curl,81,433,-639
arms,biceps-curl,109,421,-604
arms,biceps-curl,149,435,-586
arms,biceps-curl,232,464,-632
arms,biceps-curl,350,537,-666
arms,biceps-curl,458,589,-741
arms,biceps-curl,510,589,-668
arms,biceps-curl,547,579,-635
arms,biceps-curl,628,597,-677
arms,biceps-curl,715,639,-681
arms,biceps-curl,774,651,-598
arms,biceps-curl,782,600,-552
arms,biceps-curl,795,540,-566
arms,biceps-curl,826,520,-549
arms,biceps-curl,857,524,-515
arms,biceps-curl,872,520,-483
arms,biceps-curl,872,496,-472
arms,biceps-curl,891,453,-492
arms,biceps-curl,912,417,-475
arms,biceps-curl,926,408,-458
arms,biceps-curl,944,411,-467
arms,biceps-curl,947,400,-413
arms,biceps-curl,958,355,-342
arms,biceps-curl,980,320,-327
arms,biceps-curl,1025,312,-371
arms,biceps-curl,1072,301,-380
arms,biceps-curl,1067,336,-305
arms,biceps-curl,1061,390,-306
arms,biceps-curl,1070,376,-400
arms,biceps-curl,1058,348,-418
arms,biceps-curl,1038,340,-411
arms,biceps-curl,1030,355,-446
arms,biceps-curl,1020,371,-436
arms,biceps-curl,1001,392,-416
arms,biceps-curl,1010,436,-418
arms,biceps-curl,1025,458,-438
arms,biceps-curl,1032,474,-477
arms,biceps-curl,1034,490,-449
arms,biceps-curl,1055,514,-462
arms,biceps-curl,1040,546,-433
arms,biceps-curl,1048,577,-449
arms,biceps-curl,1056,600,-472
arms,biceps-curl,1056,624,-512
arms,biceps-curl,1017,663,-504
arms,biceps-curl,955,664,-481
arms,biceps-curl,892,701,-428
arms,biceps-curl,822,711,-577
arms,biceps-curl,766,719,-535
arms,biceps-curl,662,692,-458
arms,biceps-curl,593,640,-544
arms,biceps-curl,531,612,-540
arms,biceps-curl,461,575,-497
arms,biceps-curl,391,568,-463
arms,biceps-curl,351,593,-506
arms,biceps-curl,314,630,-508
arms,biceps-curl,233,669,-480
arms,biceps-curl,151,663,-506
arms,biceps-curl,78,567,-487
arms,biceps-curl,-4,479,-450
arms,biceps-curl,-85,393,-393
arms,biceps-curl,-148,324,-358
arms,biceps-curl,-193,274,-387
arms,biceps-curl,-208,242,-441
arms,biceps-curl,-227,227,-450
arms,biceps-curl,-249,242,-409
arms,biceps-curl,-239,260,-449
arms,biceps-curl,-220,301,-512
arms,biceps-curl,-196,356,-556
arms,biceps-curl,-168,388,-565
arms,biceps-curl,-182,374,-521
arms,biceps-curl,-183,333,-497
arms,biceps-curl,-118,340,-512
arms,biceps-curl,-43,381,-570
arms,biceps-curl,21,400,-596
arms,biceps-curl,79,409,-570
arms,biceps-curl,145,438,-579
arms,biceps-curl,220,480,-613
arms,biceps-curl,312,529,-623
arms,biceps-curl,402,586,-661
arms,biceps-curl,467,624,-672
arms,biceps-curl,536,596,-656
arms,biceps-curl,600,586,-612
arms,biceps-curl,669,602,-624
arms,biceps-curl,729,634,-614
arms,biceps-curl,773,601,-568
arms,biceps-curl,813,566,-567
arms,biceps-curl,896,552,-564
arms,biceps-curl,955,549,-581
arms,biceps-curl,973,524,-484
arms,biceps-curl,946,477,-451
arms,biceps-curl,969,430,-487
arms,biceps-curl,984,383,-463
arms,biceps-curl,984,344,-432
arms,biceps-curl,984,312,-408
arms,biceps-curl,1007,304,-377
arms,biceps-curl,1023,289,-330
arms,biceps-curl,1061,288,-358
arms,biceps-curl,1093,259,-389
arms,biceps-curl,1082,235,-371
arms,biceps-curl,1066,246,-291
arms,biceps-curl,1050,228,-314
arms,biceps-curl,1055,231,-380
arms,biceps-curl,1056,225,-379
arms,biceps-curl,1037,249,-376
arms,biceps-curl,1026,287,-438
arms,biceps-curl,1024,308,-432
arms,biceps-curl,1006,341,-389
arms,biceps-curl,994,381,-416
arms,biceps-curl,986,403,-460
arms,biceps-curl,1000,424,-483
arms,biceps-curl,1013,458,-456
arms,biceps-curl,1021,487,-455
arms,biceps-curl,1029,511,-484
arms,biceps-curl,1027,539,-506
arms,biceps-curl,1010,557,-507
arms,biceps-curl,987,573,-491
arms,biceps-curl,963,584,-506
arms,biceps-curl,940,605,-516
arms,biceps-curl,912,632,-516
arms,biceps-curl,873,636,-524
arms,biceps-curl,826,636,-524
arms,biceps-curl,754,619,-524
arms,biceps-curl,662,599,-537
arms,biceps-curl,597,621,-576
arms,biceps-curl,556,634,-594
arms,biceps-curl,507,630,-555
arms,biceps-curl,434,643,-515
arms,biceps-curl,384,656,-541
arms,biceps-curl,353,670,-559
arms,biceps-curl,300,655,-544
arms,biceps-curl,229,626,-468
arms,biceps-curl,151,586,-468
arms,biceps-curl,59,509,-439
arms,biceps-curl,4,465,-461
arms,biceps-curl,-56,433,-451
arms,biceps-curl,-141,389,-451
arms,biceps-curl,-208,323,-393
arms,biceps-curl,-210,246,-446
arms,biceps-curl,-225,235,-427
arms,biceps-curl,-232,265,-389
arms,biceps-curl,-230,283,-443
arms,biceps-curl,-200,321,-489
arms,biceps-curl,-191,344,-505
arms,biceps-curl,-160,360,-544
arms,biceps-curl,-120,416,-488
arms,biceps-curl,-120,416,-488
arms,biceps-curl,-120,447,-426
arms,biceps-curl,-52,463,-492
arms,biceps-curl,27,427,-541
arms,biceps-curl,112,431,-595
arms,biceps-curl,213,539,-571
arms,biceps-curl,252,594,-589
arms,biceps-curl,304,593,-606
arms,biceps-curl,385,599,-595
arms,biceps-curl,478,659,-638
arms,biceps-curl,553,704,-623
arms,biceps-curl,618,737,-566
arms,biceps-curl,656,714,-618
arms,biceps-curl,676,675,-611
arms,biceps-curl,691,658,-560
arms,biceps-curl,746,684,-550
arms,biceps-curl,806,691,-563
arms,biceps-curl,829,651,-542
arms,biceps-curl,822,601,-497
arms,biceps-curl,836,564,-480
arms,biceps-curl,872,538,-461
arms,biceps-curl,897,514,-439
arms,biceps-curl,913,468,-454
arms,biceps-curl,924,423,-446
arms,biceps-curl,928,396,-412
arms,biceps-curl,936,376,-392
arms,biceps-curl,956,372,-384
arms,biceps-curl,957,354,-347
arms,biceps-curl,955,300,-293
arms,biceps-curl,981,271,-297
arms,biceps-curl,1003,277,-326
arms,biceps-curl,1011,272,-351
arms,biceps-curl,1022,272,-376
arms,biceps-curl,1027,275,-368
arms,biceps-curl,1021,283,-370
arms,biceps-curl,1034,293,-393
arms,biceps-curl,1040,309,-376
arms,biceps-curl,1046,331,-408
arms,biceps-curl,1060,364,-398
arms,biceps-curl,1046,387,-435
arms,biceps-curl,1040,431,-419
arms,biceps-curl,1040,460,-438
arms,biceps-curl,1037,484,-463
arms,biceps-curl,1023,506,-457
arms,biceps-curl,1013,525,-458
arms,biceps-curl,990,563,-427
arms,biceps-curl,976,586,-519
arms,biceps-curl,973,609,-503
arms,biceps-curl,926,624,-488
arms,biceps-curl,895,632,-481
arms,biceps-curl,848,648,-520
arms,biceps-curl,816,640,-520
arms,biceps-curl,769,624,-551
arms,biceps-curl,684,647,-529
arms,biceps-curl,628,648,-491
arms,biceps-curl,595,655,-510
arms,biceps-curl,549,620,-533
arms,biceps-curl,481,609,-557
arms,biceps-curl,417,622,-526
arms,biceps-curl,348,617,-500
arms,biceps-curl,277,596,-522
arms,biceps-curl,232,586,-553
arms,biceps-curl,187,553,-566
arms,biceps-curl,97,520,-514
arms,biceps-curl,43,483,-490
arms,biceps-curl,3,455,-436
arms,biceps-curl,-47,448,-433
arms,biceps-curl,-86,421,-472
arms,biceps-curl,-133,345,-467
arms,biceps-curl,-172,297,-390
arms,biceps-curl,-184,293,-367
arms,biceps-curl,-179,325,-390
arms,biceps-curl,-153,367,-442
arms,biceps-curl,-127,402,-490
arms,biceps-curl,-120,394,-491
arms,biceps-curl,-116,388,-463
arms,biceps-curl,-80,424,-496
arms,biceps-curl,-6,486,-609
arms,biceps-curl,47,535,-628
arms,biceps-curl,60,551,-487
arms,biceps-curl,98,547,-418
arms,biceps-curl,186,538,-528
arms,biceps-curl,288,592,-621
arms,biceps-curl,378,671,-604
arms,biceps-curl,435,707,-581
arms,biceps-curl,469,723,-599
arms,biceps-curl,525,717,-650
arms,biceps-curl,603,717,-640
arms,biceps-curl,647,684,-589
arms,biceps-curl,704,670,-566
arms,biceps-curl,754,657,-571
arms,biceps-curl,763,625,-516
arms,biceps-curl,788,600,-473
arms,biceps-curl,839,593,-481
arms,biceps-curl,832,552,-481
arms,biceps-curl,829,497,-438
arms,biceps-curl,809,445,-424
arms,biceps-curl,820,425,-427
arms,biceps-curl,858,439,-451
arms,biceps-curl,889,422,-375
arms,biceps-curl,907,383,-362
arms,biceps-curl,992,336,-432
arms,biceps-curl,1048,288,-416
arms,biceps-curl,1064,226,-377
arms,biceps-curl,1087,232,-399
arms,biceps-curl,1073,247,-415
arms,biceps-curl,1079,255,-380
arms,biceps-curl,1101,270,-340
arms,biceps-curl,1083,251,-329
arms,biceps-curl,1066,234,-342
arms,biceps-curl,1051,245,-384
arms,biceps-curl,1048,261,-340
arms,biceps-curl,1054,289,-404
arms,biceps-curl,1050,315,-387
arms,biceps-curl,1048,338,-424
arms,biceps-curl,1048,368,-428
arms,biceps-curl,1048,399,-418
arms,biceps-curl,1054,436,-472
arms,biceps-curl,1045,475,-539
arms,biceps-curl,1029,504,-560
arms,biceps-curl,1014,537,-555
arms,biceps-curl,988,567,-542
arms,biceps-curl,957,576,-555
arms,biceps-curl,921,595,-573
arms,biceps-curl,891,617,-589
arms,biceps-curl,858,633,-617
arms,biceps-curl,811,632,-590
arms,biceps-curl,760,608,-560
arms,biceps-curl,694,596,-572
arms,biceps-curl,619,600,-587
arms,biceps-curl,559,586,-589
arms,biceps-curl,498,568,-559
arms,biceps-curl,427,571,-568
arms,biceps-curl,360,582,-619
arms,biceps-curl,297,586,-607
arms,biceps-curl,226,565,-565
arms,biceps-curl,145,531,-536
arms,biceps-curl,79,475,-515
arms,biceps-curl,26,397,-474
arms,biceps-curl,-23,353,-404
arms,biceps-curl,-76,310,-426
arms,biceps-curl,-123,299,-436
arms,biceps-curl,-167,272,-368
arms,biceps-curl,-192,246,-369
arms,biceps-curl,-193,269,-384
arms,biceps-curl,-196,264,-423
arms,biceps-curl,-177,312,-419
arms,biceps-curl,-185,314,-433
arms,biceps-curl,-190,329,-382
arms,biceps-curl,-164,338,-451
arms,biceps-curl,-109,371,-500
arms,biceps-curl,-46,425,-575
arms,biceps-curl,8,448,-552
arms,biceps-curl,32,440,-536
arms,biceps-curl,94,440,-536
arms,biceps-curl,218,554,-658
arms,biceps-curl,291,560,-634
arms,biceps-curl,347,575,-596
arms,biceps-curl,431,597,-671
arms,biceps-curl,566,649,-750
arms,biceps-curl,659,717,-699
arms,biceps-curl,685,695,-668
arms,biceps-curl,695,623,-644
arms,biceps-curl,696,551,-621
arms,biceps-curl,764,561,-585
arms,biceps-curl,808,550,-540
arms,biceps-curl,840,509,-434
arms,biceps-curl,859,462,-434
arms,biceps-curl,903,442,-493
arms,biceps-curl,936,429,-474
arms,biceps-curl,970,419,-435
arms,biceps-curl,1009,380,-434
arms,biceps-curl,1044,340,-425
arms,biceps-curl,1094,309,-426
arms,biceps-curl,1143,310,-423
arms,biceps-curl,1187,324,-412
arms,biceps-curl,1191,324,-408
arms,biceps-curl,1151,312,-400
arms,biceps-curl,1112,300,-412
arms,biceps-curl,1088,308,-432
arms,biceps-curl,1065,335,-436
arms,biceps-curl,1052,370,-461
arms,biceps-curl,1049,385,-485
arms,biceps-curl,1040,395,-474
arms,biceps-curl,1046,445,-488
arms,biceps-curl,1059,497,-540
arms,biceps-curl,1053,539,-544
arms,biceps-curl,1029,586,-525
arms,biceps-curl,1014,655,-562
arms,biceps-curl,978,686,-609
arms,biceps-curl,931,686,-683
arms,biceps-curl,878,712,-687
arms,biceps-curl,808,725,-613
arms,biceps-curl,742,695,-639
arms,biceps-curl,695,716,-664
arms,biceps-curl,640,688,-648
arms,biceps-curl,546,642,-563
arms,biceps-curl,456,605,-538
arms,biceps-curl,392,586,-555
arms,biceps-curl,323,596,-585
arms,biceps-curl,264,557,-592
arms,biceps-curl,148,515,-585
arms,biceps-curl,62,423,-444
arms,biceps-curl,-16,400,-328
