0.613,0.254,-0.653,lateral-raise,,,
1.03,-0.87,-0.499,lateral-raise,,,
1.661,0.205,-0.901,lateral-raise,,,
1.026,0.964,-0.961,lateral-raise,,,
1.031,0.853,-0.784,lateral-raise,,,
0.712,0.837,-0.812,lateral-raise,,,
0.753,0.661,-0.783,lateral-raise,,,
0.354,0.713,-0.905,lateral-raise,,,
-0.05,0.058,-0.688,lateral-raise,,,
-0.367,0.98,-1.031,lateral-raise,,,
-1.593,1.322,-1.115,lateral-raise,,,
-0.197,2.103,-1.114,lateral-raise,,,
0.928,1.35,-0.652,lateral-raise,,,
0.32,0.028,-0.669,lateral-raise,,,
0.251,-0.175,-0.551,lateral-raise,,,
0.035,0.199,-0.588,lateral-raise,,,
0.051,0.195,-0.528,lateral-raise,,,
0.148,0.247,-0.496,lateral-raise,,,
0.289,0.334,-0.509,lateral-raise,,,
0.364,0.389,-0.467,lateral-raise,,,
0.378,0.384,-0.455,lateral-raise,,,
0.444,0.404,-0.401,lateral-raise,,,
0.479,0.443,-0.345,lateral-raise,,,
0.525,0.501,-0.32,lateral-raise,,,
0.582,0.558,-0.29,lateral-raise,,,
0.617,0.589,-0.206,lateral-raise,,,
0.652,0.615,-0.173,lateral-raise,,,
0.71,0.653,-0.159,lateral-raise,,,
0.774,0.677,-0.139,lateral-raise,,,
0.835,0.695,-0.085,lateral-raise,,,
0.913,0.704,-0.064,lateral-raise,,,
0.982,0.688,-0.078,lateral-raise,,,
1.034,0.619,-0.054,lateral-raise,,,
1.087,0.603,0.004,lateral-raise,,,
1.133,0.598,0.041,lateral-raise,,,
1.144,0.572,0.028,lateral-raise,,,
1.151,0.545,0.044,lateral-raise,,,
1.16,0.502,0.079,lateral-raise,,,
1.173,0.462,0.101,lateral-raise,,,
1.227,0.478,0.031,lateral-raise,,,
1.232,0.416,-0.095,lateral-raise,,,
1.163,0.417,0.17,lateral-raise,,,
1.205,0.571,0.117,lateral-raise,,,
1.263,0.527,0.189,lateral-raise,,,
1.28,0.342,0.349,lateral-raise,,,
1.236,0.328,0.052,lateral-raise,,,
1.135,0.376,-0.297,lateral-raise,,,
1.169,0.44,-0.161,lateral-raise,,,
1.283,0.383,0.055,lateral-raise,,,
1.376,0.339,0.009,lateral-raise,,,
1.384,0.272,-0.111,lateral-raise,,,
1.313,0.255,-0.241,lateral-raise,,,
1.24,0.251,-0.12,lateral-raise,,,
1.196,0.289,0.094,lateral-raise,,,
1.137,0.281,0.128,lateral-raise,,,
1.068,0.312,0.097,lateral-raise,,,
1.015,0.295,0.003,lateral-raise,,,
0.97,0.223,-0.007,lateral-raise,,,
0.947,0.206,0.039,lateral-raise,,,
0.909,0.194,0.062,lateral-raise,,,
0.857,0.184,0.048,lateral-raise,,,
0.838,0.191,-0.018,lateral-raise,,,
0.813,0.178,-0.047,lateral-raise,,,
0.798,0.161,-0.055,lateral-raise,,,
0.789,0.175,-0.001,lateral-raise,,,
0.784,0.16,-0.054,lateral-raise,,,
0.793,0.215,-0.11,lateral-raise,,,
0.795,0.299,-0.147,lateral-raise,,,
0.761,0.177,-0.346,lateral-raise,,,
0.808,0.129,-0.358,lateral-raise,,,
0.808,0.151,-0.235,lateral-raise,,,
0.805,0.297,-0.162,lateral-raise,,,
0.877,0.315,-0.416,lateral-raise,,,
0.91,0.392,-0.571,lateral-raise,,,
0.943,0.453,-0.829,lateral-raise,,,
0.994,0.388,-0.965,lateral-raise,,,
1.051,0.347,-0.953,lateral-raise,,,
1.104,0.341,-0.872,lateral-raise,,,
1.151,0.328,-0.893,lateral-raise,,,
1.229,0.349,-1.008,lateral-raise,,,
1.286,0.344,-0.839,lateral-raise,,,
1.306,0.385,-0.91,lateral-raise,,,
1.328,0.404,-0.987,lateral-raise,,,
1.296,0.41,-0.937,lateral-raise,,,
1.311,0.377,-0.953,lateral-raise,,,
1.285,0.396,-0.903,lateral-raise,,,
1.263,0.418,-0.965,lateral-raise,,,
1.214,0.437,-0.914,lateral-raise,,,
1.132,0.434,-0.87,lateral-raise,,,
1.017,0.439,-0.749,lateral-raise,,,
0.916,0.394,-0.766,lateral-raise,,,
0.84,0.352,-0.728,lateral-raise,,,
0.747,0.368,-0.705,lateral-raise,,,
0.637,0.292,-0.605,lateral-raise,,,
0.587,0.281,-0.593,lateral-raise,,,
0.533,0.258,-0.526,lateral-raise,,,
0.471,0.177,-0.52,lateral-raise,,,
0.352,0.203,-0.366,lateral-raise,,,
0.309,0.133,-0.44,lateral-raise,,,
0.224,0.133,-0.429,lateral-raise,,,
0.117,0.129,-0.463,lateral-raise,,,
0.007,0.103,-0.377,lateral-raise,,,
-0.066,0.077,-0.42,lateral-raise,,,
-0.122,0.03,-0.386,lateral-raise,,,
-0.177,0.01,-0.35,lateral-raise,,,
-0.209,-0.003,-0.344,lateral-raise,,,
-0.277,-0.019,-0.322,lateral-raise,,,
-0.309,-0.078,-0.344,lateral-raise,,,
-0.338,-0.088,-0.397,lateral-raise,,,
-0.388,-0.08,-0.391,lateral-raise,,,
-0.433,-0.085,-0.401,lateral-raise,,,
-0.453,-0.098,-0.387,lateral-raise,,,
-0.442,-0.104,-0.354,lateral-raise,,,
-0.454,-0.068,-0.389,lateral-raise,,,
-0.476,-0.087,-0.489,lateral-raise,,,
-0.488,-0.136,-0.507,lateral-raise,,,
-0.492,-0.116,-0.512,lateral-raise,,,
-0.473,-0.107,-0.502,lateral-raise,,,
-0.463,-0.124,-0.444,lateral-raise,,,
-0.447,-0.116,-0.486,lateral-raise,,,
-0.419,-0.109,-0.584,lateral-raise,,,
-0.421,-0.11,-0.637,lateral-raise,,,
-0.398,-0.126,-0.675,lateral-raise,,,
-0.383,-0.13,-0.671,lateral-raise,,,
-0.386,-0.112,-0.558,lateral-raise,,,
-0.328,-0.088,-0.589,lateral-raise,,,
-0.279,-0.06,-0.641,lateral-raise,,,
-0.245,-0.05,-0.729,lateral-raise,,,
-0.26,-0.088,-0.718,lateral-raise,,,
-0.254,-0.06,-0.756,lateral-raise,,,
-0.2,-0.055,-0.814,lateral-raise,,,
-0.195,-0.068,-0.82,lateral-raise,,,
-0.166,-0.025,-0.854,lateral-raise,,,
-0.112,-0.033,-0.813,lateral-raise,,,
-0.06,-0.039,-0.845,lateral-raise,,,
0.011,-0.031,-0.864,lateral-raise,,,
0.039,-0.02,-0.821,lateral-raise,,,
0.1,0.014,-0.927,lateral-raise,,,
0.136,-0.008,-0.924,lateral-raise,,,
0.136,-0.009,-0.981,lateral-raise,,,
0.145,-0.022,-1.068,lateral-raise,,,
0.193,0.04,-0.937,lateral-raise,,,
0.255,0.016,-1.055,lateral-raise,,,
0.279,0.024,-1.009,lateral-raise,,,
0.326,0.039,-0.978,lateral-raise,,,
0.41,0.033,-1.073,lateral-raise,,,
0.423,0.032,-0.992,lateral-raise,,,
0.46,0.089,-1.048,lateral-raise,,,
0.499,0.068,-1.007,lateral-raise,,,
0.538,0.119,-0.945,lateral-raise,,,
0.584,0.081,-1.016,lateral-raise,,,
0.592,0.118,-0.947,lateral-raise,,,
0.598,0.096,-0.947,lateral-raise,,,
0.656,0.119,-0.847,lateral-raise,,,
0.66,0.104,-0.961,lateral-raise,,,
0.697,0.137,-0.926,lateral-raise,,,
0.718,0.106,-0.844,lateral-raise,,,
0.692,0.133,-0.757,lateral-raise,,,
0.718,0.157,-0.863,lateral-raise,,,
0.747,0.128,-0.865,lateral-raise,,,
0.747,0.137,-0.776,lateral-raise,,,
0.779,0.152,-0.784,lateral-raise,,,
0.8,0.142,-0.851,lateral-raise,,,
0.777,0.15,-0.801,lateral-raise,,,
0.769,0.142,-0.771,lateral-raise,,,
0.793,0.098,-0.805,lateral-raise,,,
0.812,0.122,-0.666,lateral-raise,,,
0.824,0.148,-0.54,lateral-raise,,,
0.844,0.136,-0.594,lateral-raise,,,
0.86,0.151,-0.684,lateral-raise,,,
0.868,0.156,-0.718,lateral-raise,,,
0.862,0.152,-0.652,lateral-raise,,,
0.848,0.152,-0.547,lateral-raise,,,
0.842,0.146,-0.501,lateral-raise,,,
0.844,0.145,-0.536,lateral-raise,,,
0.859,0.157,-0.541,lateral-raise,,,
0.851,0.155,-0.539,lateral-raise,,,
0.861,0.17,-0.519,lateral-raise,,,
0.865,0.183,-0.522,lateral-raise,,,
0.852,0.164,-0.482,lateral-raise,,,
0.868,0.182,-0.468,lateral-raise,,,
0.882,0.198,-0.485,lateral-raise,,,
0.886,0.182,-0.501,lateral-raise,,,
0.879,0.154,-0.461,lateral-raise,,,
0.877,0.201,-0.348,lateral-raise,,,
0.906,0.207,-0.382,lateral-raise,,,
0.916,0.194,-0.465,lateral-raise,,,
0.89,0.156,-0.462,lateral-raise,,,
0.903,0.195,-0.375,lateral-raise,,,
0.895,0.222,-0.375,lateral-raise,,,
0.888,0.192,-0.465,lateral-raise,,,
0.88,0.192,-0.478,lateral-raise,,,
0.864,0.184,-0.416,lateral-raise,,,
0.84,0.176,-0.464,lateral-raise,,,
0.84,0.176,-0.464,lateral-raise,,,
0.863,0.168,-0.542,lateral-raise,,,
0.864,0.168,-0.498,lateral-raise,,,
0.916,0.19,-0.593,lateral-raise,,,
0.942,0.214,-0.731,lateral-raise,,,
0.973,0.237,-0.872,lateral-raise,,,
0.969,0.254,-0.979,lateral-raise,,,
0.988,0.242,-0.985,lateral-raise,,,
1.012,0.26,-0.964,lateral-raise,,,
1.042,0.238,-0.888,lateral-raise,,,
1.048,0.276,-0.929,lateral-raise,,,
1.054,0.282,-0.956,lateral-raise,,,
1.044,0.316,-0.978,lateral-raise,,,
1.064,0.293,-0.955,lateral-raise,,,
1.083,0.303,-0.927,lateral-raise,,,
1.071,0.312,-0.931,lateral-raise,,,
1.042,0.307,-0.871,lateral-raise,,,
1.011,0.299,-0.835,lateral-raise,,,
0.995,0.286,-0.822,lateral-raise,,,
0.967,0.28,-0.831,lateral-raise,,,
0.933,0.27,-0.85,lateral-raise,,,
0.901,0.269,-0.828,lateral-raise,,,
0.857,0.259,-0.786,lateral-raise,,,
0.806,0.27,-0.746,lateral-raise,,,
0.763,0.284,-0.79,lateral-raise,,,
0.736,0.26,-0.848,lateral-raise,,,
0.678,0.263,-0.829,lateral-raise,,,
0.606,0.255,-0.837,lateral-raise,,,
0.556,0.227,-0.812,lateral-raise,,,
0.496,0.227,-0.739,lateral-raise,,,
0.441,0.205,-0.77,lateral-raise,,,
0.38,0.185,-0.82,lateral-raise,,,
0.304,0.151,-0.802,lateral-raise,,,
0.223,0.12,-0.736,lateral-raise,,,
0.166,0.096,-0.736,lateral-raise,,,
0.137,0.093,-0.736,lateral-raise,,,
0.097,0.043,-0.663,lateral-raise,,,
0.027,0.051,-0.516,lateral-raise,,,
-0.01,0.09,-0.614,lateral-raise,,,
-0.048,0.044,-0.613,lateral-raise,,,
-0.167,0.035,-0.619,lateral-raise,,,
-0.198,0.048,-0.569,lateral-raise,,,
-0.235,0.036,-0.584,lateral-raise,,,
-0.286,-0.028,-0.599,lateral-raise,,,
-0.271,-0.04,-0.444,lateral-raise,,,
-0.267,0.013,-0.367,lateral-raise,,,
-0.287,-0.015,-0.437,lateral-raise,,,
-0.282,-0.086,-0.556,lateral-raise,,,
-0.315,-0.056,-0.404,lateral-raise,,,
-0.368,-0.05,-0.49,lateral-raise,,,
-0.36,-0.104,-0.543,lateral-raise,,,
-0.408,-0.088,-0.401,lateral-raise,,,
-0.385,-0.111,-0.524,lateral-raise,,,
-0.354,-0.074,-0.52,lateral-raise,,,
-0.374,-0.124,-0.49,lateral-raise,,,
-0.376,-0.113,-0.546,lateral-raise,,,
-0.412,-0.076,-0.516,lateral-raise,,,
-0.423,-0.065,-0.561,lateral-raise,,,
-0.363,-0.084,-0.575,lateral-raise,,,
-0.325,-0.075,-0.616,lateral-raise,,,
-0.313,-0.059,-0.631,lateral-raise,,,
-0.312,-0.075,-0.676,lateral-raise,,,
-0.287,-0.055,-0.707,lateral-raise,,,
-0.25,-0.042,-0.706,lateral-raise,,,
-0.205,-0.052,-0.692,lateral-raise,,,
-0.192,-0.056,-0.728,lateral-raise,,,
-0.159,-0.039,-0.777,lateral-raise,,,
-0.106,-0.01,-0.803,lateral-raise,,,
-0.077,-0.005,-0.813,lateral-raise,,,
-0.036,-0.018,-0.847,lateral-raise,,,
-0.001,-0.004,-0.82,lateral-raise,,,
0.051,0.037,-0.854,lateral-raise,,,
0.099,0.051,-0.896,lateral-raise,,,
0.139,0.026,-0.914,lateral-raise,,,
0.186,0.051,-0.889,lateral-raise,,,
0.237,0.076,-0.893,lateral-raise,,,
0.268,0.096,-0.952,lateral-raise,,,
0.318,0.14,-1.014,lateral-raise,,,
0.372,0.17,-1.004,lateral-raise,,,
0.415,0.164,-0.972,lateral-raise,,,
0.481,0.128,-0.971,lateral-raise,,,
0.536,0.144,-0.943,lateral-raise,,,
0.618,0.134,-0.915,lateral-raise,,,
0.649,0.124,-0.912,lateral-raise,,,
0.613,0.162,-1.011,lateral-raise,,,
0.627,0.111,-0.888,lateral-raise,,,
0.644,0.162,-0.904,lateral-raise,,,
0.69,0.157,-0.902,lateral-raise,,,
0.723,0.139,-0.858,lateral-raise,,,
0.704,0.176,-0.815,lateral-raise,,,
0.752,0.196,-0.974,lateral-raise,,,
0.754,0.181,-0.831,lateral-raise,,,
0.763,0.169,-0.746,lateral-raise,,,
0.777,0.173,-0.783,lateral-raise,,,
0.782,0.171,-0.737,lateral-raise,,,
0.771,0.227,-0.74,lateral-raise,,,
0.797,0.192,-0.711,lateral-raise,,,
0.836,0.192,-0.7,lateral-raise,,,
0.802,0.191,-0.663,lateral-raise,,,
0.833,0.186,-0.745,lateral-raise,,,
0.848,0.216,-0.614,lateral-raise,,,
0.832,0.2,-0.56,lateral-raise,,,
0.84,0.216,-0.632,lateral-raise,,,
0.824,0.177,-0.624,lateral-raise,,,
0.832,0.168,-0.571,lateral-raise,,,
0.832,0.198,-0.583,lateral-raise,,,
0.854,0.229,-0.635,lateral-raise,,,
0.856,0.232,-0.54,lateral-raise,,,
0.891,0.239,-0.43,lateral-raise,,,
0.903,0.22,-0.45,lateral-raise,,,
0.917,0.236,-0.503,lateral-raise,,,
0.92,0.194,-0.473,lateral-raise,,,
0.933,0.222,-0.407,lateral-raise,,,
0.93,0.244,-0.46,lateral-raise,,,
0.916,0.236,-0.516,lateral-raise,,,
0.894,0.208,-0.457,lateral-raise,,,
0.888,0.246,-0.375,lateral-raise,,,
0.899,0.242,-0.402,lateral-raise,,,
0.909,0.221,-0.446,lateral-raise,,,
0.901,0.232,-0.451,lateral-raise,,,
0.896,0.255,-0.392,lateral-raise,,,
0.916,0.21,-0.429,lateral-raise,,,
0.923,0.176,-0.41,lateral-raise,,,
0.92,0.204,-0.317,lateral-raise,,,
0.924,0.206,-0.356,lateral-raise,,,
0.932,0.205,-0.386,lateral-raise,,,
0.932,0.204,-0.377,lateral-raise,,,
0.932,0.196,-0.392,lateral-raise,,,
0.94,0.192,-0.45,lateral-raise,,,
0.933,0.147,-0.589,lateral-raise,,,
0.948,0.097,-0.606,lateral-raise,,,
1.008,0.149,-0.502,lateral-raise,,,
1.05,0.267,-0.668,lateral-raise,,,
1.036,0.32,-0.991,lateral-raise,,,
0.975,0.332,-1.074,lateral-raise,,,
0.971,0.311,-1.004,lateral-raise,,,
1.032,0.245,-0.849,lateral-raise,,,
1.053,0.267,-0.804,lateral-raise,,,
1.094,0.256,-0.913,lateral-raise,,,
1.162,0.284,-0.974,lateral-raise,,,
1.15,0.344,-0.956,lateral-raise,,,
1.157,0.309,-0.911,lateral-raise,,,
1.122,0.34,-0.873,lateral-raise,,,
1.124,0.299,-0.839,lateral-raise,,,
1.096,0.315,-0.807,lateral-raise,,,
1.057,0.33,-0.854,lateral-raise,,,
1.051,0.337,-0.906,lateral-raise,,,
0.953,0.291,-0.716,lateral-raise,,,
0.895,0.306,-0.822,lateral-raise,,,
0.885,0.245,-0.878,lateral-raise,,,
0.843,0.312,-0.746,lateral-raise,,,
0.751,0.304,-0.776,lateral-raise,,,
0.719,0.319,-0.784,lateral-raise,,,
0.665,0.193,-0.824,lateral-raise,,,
0.563,0.192,-0.661,lateral-raise,,,
0.476,0.238,-0.74,lateral-raise,,,
0.42,0.225,-0.729,lateral-raise,,,
0.321,0.275,-0.706,lateral-raise,,,
0.269,0.187,-0.711,lateral-raise,,,
0.243,0.218,-0.684,lateral-raise,,,
0.179,0.204,-0.816,lateral-raise,,,
0.128,0.113,-0.707,lateral-raise,,,
0.107,0.089,-0.563,lateral-raise,,,
0.085,0.113,-0.504,lateral-raise,,,
0.037,0.132,-0.595,lateral-raise,,,
0.012,0.039,-0.654,lateral-raise,,,
-0.045,0.037,-0.564,lateral-raise,,,
-0.127,0.042,-0.574,lateral-raise,,,
-0.191,0.085,-0.536,lateral-raise,,,
-0.235,0.061,-0.599,lateral-raise,,,
-0.264,-0.039,-0.551,lateral-raise,,,
-0.277,0.017,-0.412,lateral-raise,,,
-0.32,0.032,-0.498,lateral-raise,,,
-0.373,-0.045,-0.613,lateral-raise,,,
-0.387,-0.061,-0.567,lateral-raise,,,
-0.393,-0.044,-0.493,lateral-raise,,,
-0.409,-0.018,-0.481,lateral-raise,,,
-0.404,-0.012,-0.567,lateral-raise,,,
-0.388,-0.048,-0.652,lateral-raise,,,
-0.407,-0.049,-0.614,lateral-raise,,,
-0.41,-0.039,-0.567,lateral-raise,,,
-0.388,-0.052,-0.555,lateral-raise,,,
-0.382,-0.048,-0.585,lateral-raise,,,
-0.355,-0.048,-0.609,lateral-raise,,,
-0.336,-0.057,-0.531,lateral-raise,,,
-0.321,-0.066,-0.562,lateral-raise,,,
-0.274,-0.048,-0.603,lateral-raise,,,
-0.224,-0.027,-0.579,lateral-raise,,,
-0.206,-0.035,-0.567,lateral-raise,,,
-0.193,-0.06,-0.639,lateral-raise,,,
-0.17,-0.008,-0.734,lateral-raise,,,
-0.138,-0.002,-0.71,lateral-raise,,,
-0.096,0.003,-0.665,lateral-raise,,,
-0.083,-0.037,-0.724,lateral-raise,,,
-0.029,-0.015,-0.838,lateral-raise,,,
-0.008,0.027,-0.883,lateral-raise,,,
0.038,0.034,-0.967,lateral-raise,,,
0.077,0.011,-0.917,lateral-raise,,,
0.113,0.084,-0.958,lateral-raise,,,
0.128,0.056,-0.997,lateral-raise,,,
0.219,0.132,-0.903,lateral-raise,,,
0.266,0.077,-1.106,lateral-raise,,,
0.315,0.166,-0.991,lateral-raise,,,
0.424,0.104,-0.952,lateral-raise,,,
0.384,0.104,-0.848,lateral-raise,,,
0.384,0.104,-0.848,lateral-raise,,,
0.477,0.182,-1.151,lateral-raise,,,
0.503,0.085,-0.909,lateral-raise,,,
0.534,0.162,-0.903,lateral-raise,,,
0.558,0.153,-0.933,lateral-raise,,,
0.589,0.202,-1.036,lateral-raise,,,
0.634,0.18,-0.88,lateral-raise,,,
0.626,0.162,-0.836,lateral-raise,,,
0.664,0.253,-0.805,lateral-raise,,,
0.659,0.181,-0.859,lateral-raise,,,
0.643,0.217,-0.834,lateral-raise,,,
0.652,0.232,-0.855,lateral-raise,,,
0.692,0.226,-0.773,lateral-raise,,,
0.704,0.23,-0.697,lateral-raise,,,
0.727,0.295,-0.812,lateral-raise,,,
0.775,0.225,-0.797,lateral-raise,,,
0.787,0.211,-0.698,lateral-raise,,,
0.81,0.261,-0.685,lateral-raise,,,
0.834,0.265,-0.732,lateral-raise,,,
0.845,0.246,-0.757,lateral-raise,,,
0.848,0.259,-0.674,lateral-raise,,,
0.853,0.244,-0.621,lateral-raise,,,
0.869,0.215,-0.62,lateral-raise,,,
0.863,0.255,-0.646,lateral-raise,,,
0.86,0.263,-0.664,lateral-raise,,,
0.892,0.204,-0.62,lateral-raise,,,
0.893,0.214,-0.534,lateral-raise,,,
0.876,0.271,-0.543,lateral-raise,,,
0.891,0.267,-0.605,lateral-raise,,,
0.901,0.213,-0.579,lateral-raise,,,
0.893,0.199,-0.489,lateral-raise,,,
0.9,0.244,-0.43,lateral-raise,,,
0.923,0.247,-0.524,lateral-raise,,,
0.925,0.197,-0.563,lateral-raise,,,
0.915,0.183,-0.54,lateral-raise,,,
0.902,0.237,-0.48,lateral-raise,,,
0.898,0.228,-0.453,lateral-raise,,,
0.908,0.191,-0.38,lateral-raise,,,
0.922,0.232,-0.37,lateral-raise,,,
0.928,0.228,-0.399,lateral-raise,,,
0.925,0.224,-0.467,lateral-raise,,,
0.911,0.255,-0.404,lateral-raise,,,
0.899,0.247,-0.341,lateral-raise,,,
0.874,0.236,-0.29,lateral-raise,,,
0.889,0.216,-0.304,lateral-raise,,,
0.895,0.214,-0.304,lateral-raise,,,
0.888,0.199,-0.311,lateral-raise,,,
0.89,0.18,-0.387,lateral-raise,,,
0.912,0.129,-0.418,lateral-raise,,,
0.912,0.144,-0.308,lateral-raise,,,
0.896,0.136,-0.441,lateral-raise,,,
0.928,0.104,-0.551,lateral-raise,,,
0.975,0.158,-0.614,lateral-raise,,,
0.991,0.221,-0.738,lateral-raise,,,
1.029,0.246,-0.945,lateral-raise,,,
1.054,0.248,-0.989,lateral-raise,,,
1.077,0.205,-0.906,lateral-raise,,,
1.122,0.179,-0.847,lateral-raise,,,
1.108,0.237,-0.929,lateral-raise,,,
1.157,0.195,-0.971,lateral-raise,,,
1.161,0.197,-0.878,lateral-raise,,,
1.173,0.244,-0.831,lateral-raise,,,
1.188,0.225,-0.867,lateral-raise,,,
1.15,0.234,-0.874,lateral-raise,,,
1.142,0.181,-0.843,lateral-raise,,,
1.127,0.217,-0.838,lateral-raise,,,
1.092,0.223,-0.846,lateral-raise,,,
1.08,0.184,-0.843,lateral-raise,,,
1.054,0.215,-0.819,lateral-raise,,,
1.03,0.194,-0.854,lateral-raise,,,
0.98,0.188,-0.826,lateral-raise,,,
0.909,0.195,-0.715,lateral-raise,,,
0.829,0.169,-0.724,lateral-raise,,,
0.765,0.148,-0.822,lateral-raise,,,
0.692,0.14,-0.829,lateral-raise,,,
0.611,0.148,-0.746,lateral-raise,,,
0.536,0.144,-0.716,lateral-raise,,,
0.465,0.113,-0.698,lateral-raise,,,
0.399,0.111,-0.663,lateral-raise,,,
0.349,0.103,-0.69,lateral-raise,,,
0.319,0.089,-0.709,lateral-raise,,,
0.261,0.083,-0.678,lateral-raise,,,
0.174,0.046,-0.6,lateral-raise,,,
0.103,0.05,-0.568,lateral-raise,,,
0.056,0.018,-0.597,lateral-raise,,,
0.008,-0.021,-0.49,lateral-raise,,,
-0.031,-0.014,-0.447,lateral-raise,,,
-0.062,-0.031,-0.572,lateral-raise,,,
-0.119,-0.058,-0.448,lateral-raise,,,
-0.178,0.004,-0.389,lateral-raise,,,
-0.173,-0.054,-0.458,lateral-raise,,,
-0.218,-0.045,-0.409,lateral-raise,,,
-0.227,-0.042,-0.488,lateral-raise,,,
-0.248,-0.087,-0.407,lateral-raise,,,
-0.29,-0.081,-0.384,lateral-raise,,,
-0.301,-0.093,-0.517,lateral-raise,,,
-0.282,-0.12,-0.487,lateral-raise,,,
-0.297,-0.06,-0.423,lateral-raise,,,
-0.312,-0.105,-0.497,lateral-raise,,,
-0.31,-0.111,-0.516,lateral-raise,,,
-0.272,-0.096,-0.594,lateral-raise,,,
-0.272,-0.088,-0.664,lateral-raise,,,
-0.296,-0.104,-0.552,lateral-raise,,,
-0.218,-0.12,-0.591,lateral-raise,,,
-0.216,-0.097,-0.645,lateral-raise,,,
-0.164,-0.081,-0.708,lateral-raise,,,
-0.16,-0.095,-0.748,lateral-raise,,,
-0.131,-0.032,-0.759,lateral-raise,,,
-0.086,-0.038,-0.788,lateral-raise,,,
-0.053,-0.013,-0.806,lateral-raise,,,
-0.021,-0.008,-0.881,lateral-raise,,,
0.017,-0.021,-0.844,lateral-raise,,,
0.049,0.02,-0.794,lateral-raise,,,
0.118,-0.005,-0.865,lateral-raise,,,
0.148,0.044,-0.967,lateral-raise,,,
0.217,0.052,-0.91,lateral-raise,,,
0.274,0.037,-0.828,lateral-raise,,,
0.31,0.11,-0.836,lateral-raise,,,
0.38,0.101,-0.913,lateral-raise,,,
0.403,0.08,-0.981,lateral-raise,,,
0.395,0.131,-0.944,lateral-raise,,,
0.432,0.116,-0.877,lateral-raise,,,
0.475,0.141,-0.842,lateral-raise,,,
0.511,0.167,-0.952,lateral-raise,,,
0.537,0.182,-0.973,lateral-raise,,,
0.579,0.191,-0.894,lateral-raise,,,
0.612,0.167,-0.797,lateral-raise,,,
0.64,0.184,-0.84,lateral-raise,,,
0.676,0.193,-0.929,lateral-raise,,,
0.71,0.127,-0.922,lateral-raise,,,
0.704,0.144,-0.849,lateral-raise,,,
0.718,0.234,-0.806,lateral-raise,,,
0.792,0.209,-0.861,lateral-raise,,,
0.786,0.173,-0.805,lateral-raise,,,
0.791,0.205,-0.794,lateral-raise,,,
0.821,0.2,-0.753,lateral-raise,,,
0.835,0.179,-0.793,lateral-raise,,,
0.845,0.175,-0.7,lateral-raise,,,
0.863,0.246,-0.699,lateral-raise,,,
0.872,0.2,-0.732,lateral-raise,,,
0.86,0.206,-0.63,lateral-raise,,,
0.901,0.215,-0.615,lateral-raise,,,
0.91,0.189,-0.592,lateral-raise,,,
0.878,0.214,-0.624,lateral-raise,,,
0.904,0.229,-0.617,lateral-raise,,,
0.905,0.172,-0.576,lateral-raise,,,
0.912,0.166,-0.529,lateral-raise,,,
0.913,0.261,-0.535,lateral-raise,,,
0.92,0.234,-0.539,lateral-raise,,,
0.919,0.168,-0.644,lateral-raise,,,
0.913,0.17,-0.476,lateral-raise,,,
0.928,0.207,-0.403,lateral-raise,,,
0.928,0.168,-0.496,lateral-raise,,,
0.912,0.216,-0.488,lateral-raise,,,
0.928,0.2,-0.465,lateral-raise,,,
0.92,0.185,-0.365,lateral-raise,,,
0.942,0.214,-0.338,lateral-raise,,,
0.937,0.238,-0.416,lateral-raise,,,
0.915,0.233,-0.381,lateral-raise,,,
0.926,0.246,-0.376,lateral-raise,,,
0.914,0.187,-0.342,lateral-raise,,,
0.912,0.203,-0.269,lateral-raise,,,
0.912,0.273,-0.276,lateral-raise,,,
0.906,0.269,-0.35,lateral-raise,,,
0.923,0.233,-0.362,lateral-raise,,,
0.928,0.194,-0.3,lateral-raise,,,
0.934,0.219,-0.186,lateral-raise,,,
0.942,0.255,-0.221,lateral-raise,,,
0.938,0.236,-0.332,lateral-raise,,,
0.963,0.229,-0.357,lateral-raise,,,
0.96,0.258,-0.299,lateral-raise,,,
0.937,0.257,-0.313,lateral-raise,,,
0.928,0.204,-0.336,lateral-raise,,,
0.923,0.162,-0.317,lateral-raise,,,
0.888,0.166,-0.35,lateral-raise,,,
0.886,0.158,-0.456,lateral-raise,,,
0.951,0.2,-0.508,lateral-raise,,,
1.013,0.256,-0.666,lateral-raise,,,
1.04,0.28,-0.864,lateral-raise,,,
1.083,0.265,-0.931,lateral-raise,,,
1.124,0.236,-0.926,lateral-raise,,,
1.139,0.226,-0.889,lateral-raise,,,
1.135,0.215,-0.904,lateral-raise,,,
1.128,0.24,-0.949,lateral-raise,,,
1.161,0.252,-0.931,lateral-raise,,,
1.17,0.244,-0.866,lateral-raise,,,
1.163,0.267,-0.837,lateral-raise,,,
1.171,0.282,-0.813,lateral-raise,,,
1.174,0.289,-0.852,lateral-raise,,,
1.17,0.256,-0.835,lateral-raise,,,
1.17,0.267,-0.728,lateral-raise,,,
1.14,0.282,-0.776,lateral-raise,,,
1.097,0.242,-0.861,lateral-raise,,,
1.064,0.248,-0.883,lateral-raise,,,
1.016,0.244,-0.779,lateral-raise,,,
0.931,0.227,-0.697,lateral-raise,,,
0.853,0.233,-0.743,lateral-raise,,,
0.785,0.191,-0.734,lateral-raise,,,
0.728,0.18,-0.717,lateral-raise,,,
0.662,0.147,-0.689,lateral-raise,,,
0.635,0.172,-0.702,lateral-raise,,,
0.566,0.122,-0.682,lateral-raise,,,
0.526,0.166,-0.728,lateral-raise,,,
0.448,0.112,-0.744,lateral-raise,,,
0.384,0.096,-0.616,lateral-raise,,,
0.314,0.073,-0.492,lateral-raise,,,
0.304,0.087,-0.579,lateral-raise,,,
0.267,0.006,-0.651,lateral-raise,,,
0.155,0.022,-0.481,lateral-raise,,,
0.094,0.117,-0.635,lateral-raise,,,
0.046,-0.012,-0.607,lateral-raise,,,
-0.001,-0.073,-0.518,lateral-raise,,,
-0.128,0.047,-0.537,lateral-raise,,,
-0.106,0.039,-0.57,lateral-raise,,,
-0.096,-0.057,-0.493,lateral-raise,,,
-0.183,0.044,-0.509,lateral-raise,,,
-0.202,-0.065,-0.562,lateral-raise,,,
-0.241,-0.065,-0.423,lateral-raise,,,
-0.233,-0.008,-0.54,lateral-raise,,,
-0.246,-0.092,-0.558,lateral-raise,,,
-0.321,-0.093,-0.52,lateral-raise,,,
-0.299,-0.072,-0.586,lateral-raise,,,
-0.272,-0.118,-0.573,lateral-raise,,,
-0.312,-0.095,-0.579,lateral-raise,,,
-0.312,-0.112,-0.638,lateral-raise,,,
-0.287,-0.116,-0.595,lateral-raise,,,
-0.289,-0.074,-0.642,lateral-raise,,,
-0.27,-0.078,-0.612,lateral-raise,,,
-0.252,-0.092,-0.532,lateral-raise,,,
-0.216,-0.056,-0.632,lateral-raise,,,
-0.168,-0.074,-0.72,lateral-raise,,,
-0.153,-0.099,-0.679,lateral-raise,,,
-0.137,-0.053,-0.66,lateral-raise,,,
-0.104,-0.057,-0.699,lateral-raise,,,
-0.062,-0.061,-0.73,lateral-raise,,,
-0.039,-0.032,-0.792,lateral-raise,,,
0.002,-0.017,-0.817,lateral-raise,,,
0.048,0.008,-0.811,lateral-raise,,,
0.048,0.026,-0.856,lateral-raise,,,
0.082,0.054,-0.872,lateral-raise,,,
0.167,0.032,-0.858,lateral-raise,,,
0.186,0.045,-0.866,lateral-raise,,,
0.202,0.066,-0.972,lateral-raise,,,
0.25,0.056,-0.92,lateral-raise,,,
0.32,0.156,-0.866,lateral-raise,,,
0.348,0.118,-0.884,lateral-raise,,,
0.343,0.136,-0.935,lateral-raise,,,
0.42,0.1,-0.906,lateral-raise,,,
0.443,0.132,-0.795,lateral-raise,,,
0.472,0.205,-0.912,lateral-raise,,,
0.532,0.127,-0.8,lateral-raise,,,
0.498,0.276,-1.036,lateral-raise,,,
0.632,0.213,-0.875,lateral-raise,,,
0.641,0.164,-0.785,lateral-raise,,,
0.688,0.295,-0.809,lateral-raise,,,
0.704,0.161,-0.903,lateral-raise,,,
0.735,0.191,-0.826,lateral-raise,,,
0.751,0.329,-0.839,lateral-raise,,,
0.774,0.247,-0.84,lateral-raise,,,
0.783,0.204,-0.745,lateral-raise,,,
0.777,0.286,-0.779,lateral-raise,,,
0.825,0.247,-0.735,lateral-raise,,,
0.859,0.192,-0.673,lateral-raise,,,
0.831,0.271,-0.731,lateral-raise,,,
0.85,0.236,-0.731,lateral-raise,,,
0.869,0.218,-0.696,lateral-raise,,,
0.866,0.247,-0.607,lateral-raise,,,
0.888,0.25,-0.608,lateral-raise,,,
0.89,0.213,-0.651,lateral-raise,,,
0.899,0.211,-0.521,lateral-raise,,,
0.893,0.227,-0.47,lateral-raise,,,
0.899,0.237,-0.569,lateral-raise,,,
0.909,0.219,-0.627,lateral-raise,,,
0.912,0.223,-0.545,lateral-raise,,,
0.907,0.222,-0.452,lateral-raise,,,
0.909,0.202,-0.405,lateral-raise,,,
0.917,0.22,-0.438,lateral-raise,,,
0.929,0.262,-0.526,lateral-raise,,,
0.949,0.237,-0.512,lateral-raise,,,
0.96,0.212,-0.377,lateral-raise,,,
0.964,0.224,-0.324,lateral-raise,,,
0.976,0.216,-0.402,lateral-raise,,,
0.991,0.197,-0.441,lateral-raise,,,
0.996,0.202,-0.382,lateral-raise,,,
0.979,0.231,-0.311,lateral-raise,,,
0.957,0.24,-0.333,lateral-raise,,,
0.955,0.228,-0.388,lateral-raise,,,
0.963,0.199,-0.324,lateral-raise,,,
0.963,0.2,-0.243,lateral-raise,,,
0.944,0.235,-0.276,lateral-raise,,,
0.938,0.228,-0.37,lateral-raise,,,
0.955,0.209,-0.353,lateral-raise,,,
0.94,0.23,-0.29,lateral-raise,,,
0.93,0.218,-0.296,lateral-raise,,,
0.938,0.196,-0.359,lateral-raise,,,
0.949,0.186,-0.366,lateral-raise,,,
0.967,0.18,-0.53,lateral-raise,,,
0.951,0.127,-0.568,lateral-raise,,,
0.923,0.144,-0.375,lateral-raise,,,
1.037,0.278,-0.455,lateral-raise,,,
1.073,0.261,-0.748,lateral-raise,,,
1.078,0.231,-0.971,lateral-raise,,,
1.058,0.222,-0.912,lateral-raise,,,
1.087,0.203,-0.813,lateral-raise,,,
1.067,0.254,-0.922,lateral-raise,,,
1.16,0.184,-0.992,lateral-raise,,,
1.16,0.28,-0.976,lateral-raise,,,
1.16,0.28,-0.976,lateral-raise,,,
1.214,0.218,-0.968,lateral-raise,,,
1.254,0.201,-0.747,lateral-raise,,,
1.211,0.289,-0.781,lateral-raise,,,
1.23,0.252,-0.791,lateral-raise,,,
1.189,0.255,-0.806,lateral-raise,,,
1.142,0.305,-0.885,lateral-raise,,,
1.136,0.23,-0.828,lateral-raise,,,
1.096,0.249,-0.723,lateral-raise,,,
1.062,0.236,-0.789,lateral-raise,,,
1.012,0.194,-0.738,lateral-raise,,,
0.957,0.215,-0.714,lateral-raise,,,
0.878,0.206,-0.803,lateral-raise,,,
0.815,0.182,-0.732,lateral-raise,,,
0.76,0.17,-0.707,lateral-raise,,,
0.677,0.151,-0.734,lateral-raise,,,
0.616,0.133,-0.717,lateral-raise,,,
0.563,0.117,-0.746,lateral-raise,,,
0.493,0.107,-0.686,lateral-raise,,,
0.444,0.079,-0.615,lateral-raise,,,
0.389,0.083,-0.662,lateral-raise,,,
0.323,0.05,-0.63,lateral-raise,,,
0.238,0.038,-0.603,lateral-raise,,,
0.205,0.026,-0.671,lateral-raise,,,
0.158,0.029,-0.604,lateral-raise,,,
0.092,0.016,-0.552,lateral-raise,,,
0.053,-0.024,-0.504,lateral-raise,,,
0.013,0.02,-0.496,lateral-raise,,,
-0.028,0.012,-0.573,lateral-raise,,,
-0.104,-0.064,-0.491,lateral-raise,,,
-0.141,-0.061,-0.466,lateral-raise,,,
-0.136,-0.065,-0.519,lateral-raise,,,
-0.199,-0.057,-0.538,lateral-raise,,,
-0.243,-0.032,-0.533,lateral-raise,,,
-0.238,-0.1,-0.557,lateral-raise,,,
-0.245,-0.115,-0.531,lateral-raise,,,
-0.298,-0.017,-0.479,lateral-raise,,,
-0.268,-0.116,-0.639,lateral-raise,,,
-0.274,-0.092,-0.614,lateral-raise,,,
-0.261,-0.076,-0.658,lateral-raise,,,
-0.283,-0.119,-0.584,lateral-raise,,,
-0.28,-0.031,-0.597,lateral-raise,,,
-0.212,-0.068,-0.641,lateral-raise,,,
-0.236,-0.083,-0.568,lateral-raise,,,
-0.249,-0.058,-0.586,lateral-raise,,,
-0.201,-0.069,-0.702,lateral-raise,,,
-0.207,-0.039,-0.623,lateral-raise,,,
-0.196,-0.033,-0.695,lateral-raise,,,
-0.136,-0.038,-0.675,lateral-raise,,,
-0.126,-0.008,-0.584,lateral-raise,,,
-0.064,0.008,-0.831,lateral-raise,,,
-0.056,-0.024,-0.737,lateral-raise,,,
-0.017,-0.008,-0.72,lateral-raise,,,
0.052,0.053,-0.857,lateral-raise,,,
0.049,-0.011,-0.797,lateral-raise,,,
0.084,0.086,-0.843,lateral-raise,,,
0.145,0.046,-0.798,lateral-raise,,,
0.138,0.124,-0.939,lateral-raise,,,
0.232,0.047,-0.905,lateral-raise,,,
0.241,0.065,-0.843,lateral-raise,,,
0.292,0.085,-0.969,lateral-raise,,,
0.317,0.088,-0.924,lateral-raise,,,
0.357,0.119,-0.904,lateral-raise,,,
0.416,0.11,-0.868,lateral-raise,,,
0.461,0.098,-0.838,lateral-raise,,,
0.472,0.188,-0.975,lateral-raise,,,
0.533,0.14,-0.965,lateral-raise,,,
0.598,0.126,-0.898,lateral-raise,,,
0.611,0.173,-0.827,lateral-raise,,,
0.633,0.167,-0.912,lateral-raise,,,
0.663,0.192,-0.897,lateral-raise,,,
0.696,0.183,-0.843,lateral-raise,,,
0.749,0.179,-0.71,lateral-raise,,,
0.78,0.205,-0.696,lateral-raise,,,
0.797,0.238,-0.864,lateral-raise,,,
0.808,0.231,-0.881,lateral-raise,,,
0.816,0.18,-0.752,lateral-raise,,,
0.82,0.194,-0.657,lateral-raise,,,
0.827,0.244,-0.694,lateral-raise,,,
0.844,0.237,-0.727,lateral-raise,,,
0.865,0.217,-0.667,lateral-raise,,,
0.894,0.202,-0.666,lateral-raise,,,
0.907,0.186,-0.644,lateral-raise,,,
0.918,0.199,-0.624,lateral-raise,,,
0.933,0.226,-0.632,lateral-raise,,,
0.939,0.21,-0.643,lateral-raise,,,
0.928,0.234,-0.63,lateral-raise,,,
0.93,0.224,-0.61,lateral-raise,,,
0.932,0.195,-0.557,lateral-raise,,,
0.922,0.232,-0.522,lateral-raise,,,
0.935,0.234,-0.551,lateral-raise,,,
0.958,0.158,-0.439,lateral-raise,,,
0.949,0.162,-0.348,lateral-raise,,,
0.94,0.212,-0.396,lateral-raise,,,
0.962,0.224,-0.525,lateral-raise,,,
0.978,0.179,-0.445,lateral-raise,,,
0.989,0.203,-0.303,lateral-raise,,,
0.968,0.223,-0.233,lateral-raise,,,
0.967,0.215,-0.336,lateral-raise,,,
0.951,0.201,-0.433,lateral-raise,,,
0.935,0.216,-0.301,lateral-raise,,,
0.912,0.2,-0.216,lateral-raise,,,
0.928,0.232,-0.16,lateral-raise,,,
0.897,0.216,-0.261,lateral-raise,,,
0.911,0.208,-0.34,lateral-raise,,,
0.942,0.208,-0.269,lateral-raise,,,
0.944,0.193,-0.228,lateral-raise,,,
0.958,0.163,-0.253,lateral-raise,,,
0.974,0.167,-0.277,lateral-raise,,,
0.956,0.161,-0.307,lateral-raise,,,
0.959,0.14,-0.365,lateral-raise,,,
0.986,0.116,-0.539,lateral-raise,,,
0.992,0.169,-0.608,lateral-raise,,,
0.998,0.221,-0.728,lateral-raise,,,
1.018,0.226,-0.82,lateral-raise,,,
1.036,0.218,-0.816,lateral-raise,,,
1.074,0.21,-0.842,lateral-raise,,,
1.099,0.18,-0.862,lateral-raise,,,
1.142,0.195,-0.859,lateral-raise,,,
1.16,0.197,-0.872,lateral-raise,,,
1.165,0.238,-0.849,lateral-raise,,,
1.163,0.259,-0.847,lateral-raise,,,
1.184,0.189,-0.789,lateral-raise,,,
1.209,0.181,-0.744,lateral-raise,,,
1.207,0.226,-0.851,lateral-raise,,,
1.217,0.231,-0.858,lateral-raise,,,
1.211,0.266,-0.709,lateral-raise,,,
1.2,0.292,-0.708,lateral-raise,,,
1.189,0.268,-0.796,lateral-raise,,,
1.153,0.245,-0.749,lateral-raise,,,
1.09,0.236,-0.698,lateral-raise,,,
1.029,0.243,-0.73,lateral-raise,,,
0.995,0.248,-0.757,lateral-raise,,,
0.921,0.22,-0.764,lateral-raise,,,
0.834,0.182,-0.718,lateral-raise,,,
0.735,0.195,-0.686,lateral-raise,,,
0.656,0.2,-0.709,lateral-raise,,,
0.607,0.183,-0.687,lateral-raise,,,
0.541,0.142,-0.637,lateral-raise,,,
0.461,0.125,-0.638,lateral-raise,,,
0.42,0.108,-0.704,lateral-raise,,,
0.353,0.128,-0.631,lateral-raise,,,
0.253,0.065,-0.546,lateral-raise,,,
0.256,0.046,-0.546,lateral-raise,,,
0.175,0.081,-0.521,lateral-raise,,,
0.127,0.11,-0.52,lateral-raise,,,
0.105,0.017,-0.464,lateral-raise,,,
0.004,0.077,-0.435,lateral-raise,,,
0.036,0.037,-0.651,lateral-raise,,,
-0.012,-0.064,-0.587,lateral-raise,,,
-0.174,0.049,-0.412,lateral-raise,,,
-0.145,0.07,-0.497,lateral-raise,,,
-0.184,0.008,-0.544,lateral-raise,,,
-0.224,-0.016,-0.576,lateral-raise,,,
-0.193,-0.024,-0.638,lateral-raise,,,
-0.238,-0.016,-0.473,lateral-raise,,,
-0.255,0.029,-0.546,lateral-raise,,,
-0.227,-0.085,-0.596,lateral-raise,,,
-0.267,0.004,-0.486,lateral-raise,,,
-0.216,-0.033,-0.66,lateral-raise,,,
-0.222,-0.04,-0.64,lateral-raise,,,
-0.217,-0.007,-0.579,lateral-raise,,,
-0.229,-0.039,-0.672,lateral-raise,,,
-0.2,-0.048,-0.658,lateral-raise,,,
-0.186,-0.023,-0.598,lateral-raise,,,
-0.178,-0.004,-0.632,lateral-raise,,,
-0.135,-0.029,-0.683,lateral-raise,,,
-0.12,0.012,-0.656,lateral-raise,,,
-0.103,-0.018,-0.746,lateral-raise,,,
-0.036,-0.013,-0.797,lateral-raise,,,
0.003,0.047,-0.8,lateral-raise,,,
0.033,0.047,-0.744,lateral-raise,,,
0.063,0.047,-0.727,lateral-raise,,,
0.101,0.075,-0.803,lateral-raise,,,
0.148,0.051,-0.913,lateral-raise,,,
0.168,0.055,-0.902,lateral-raise,,,
0.215,0.093,-0.796,lateral-raise,,,
0.298,0.096,-0.806,lateral-raise,,,
0.328,0.104,-0.868,lateral-raise,,,
0.358,0.112,-0.868,lateral-raise,,,
0.393,0.13,-0.882,lateral-raise,,,
0.405,0.16,-0.929,lateral-raise,,,
0.459,0.163,-0.899,lateral-raise,,,
0.496,0.194,-0.839,lateral-raise,,,
0.527,0.226,-0.86,lateral-raise,,,
0.576,0.222,-0.849,lateral-raise,,,
0.595,0.257,-0.867,lateral-raise,,,
0.653,0.278,-0.877,lateral-raise,,,
0.686,0.241,-0.876,lateral-raise,,,
0.689,0.289,-0.825,lateral-raise,,,
0.767,0.28,-0.766,lateral-raise,,,
0.804,0.227,-0.782,lateral-raise,,,
0.799,0.309,-0.816,lateral-raise,,,
0.832,0.216,-0.692,lateral-raise,,,
0.861,0.231,-0.675,lateral-raise,,,
0.853,0.283,-0.776,lateral-raise,,,
0.879,0.221,-0.697,lateral-raise,,,
0.874,0.252,-0.706,lateral-raise,,,
0.89,0.272,-0.711,lateral-raise,,,
0.904,0.209,-0.63,lateral-raise,,,
0.903,0.228,-0.609,lateral-raise,,,
0.89,0.276,-0.622,lateral-raise,,,
0.929,0.193,-0.574,lateral-raise,,,
0.952,0.216,-0.496,lateral-raise,,,
0.968,0.24,-0.528,lateral-raise,,,
0.968,0.24,-0.528,lateral-raise,,,
1.015,0.224,-0.427,lateral-raise,,,
0.978,0.186,-0.553,lateral-raise,,,
0.961,0.206,-0.433,lateral-raise,,,
0.953,0.223,-0.417,lateral-raise,,,
0.952,0.195,-0.473,lateral-raise,,,
0.952,0.192,-0.431,lateral-raise,,,
0.932,0.212,-0.465,lateral-raise,,,
0.935,0.209,-0.452,lateral-raise,,,
0.936,0.221,-0.363,lateral-raise,,,
0.942,0.23,-0.325,lateral-raise,,,
0.975,0.263,-0.339,lateral-raise,,,
0.996,0.272,-0.392,lateral-raise,,,
0.988,0.29,-0.349,lateral-raise,,,
0.99,0.273,-0.259,lateral-raise,,,
0.998,0.197,-0.277,lateral-raise,,,
0.989,0.141,-0.253,lateral-raise,,,
0.947,0.244,-0.232,lateral-raise,,,
0.918,0.279,-0.263,lateral-raise,,,
0.907,0.274,-0.275,lateral-raise,,,
0.933,0.227,-0.31,lateral-raise,,,
0.943,0.178,-0.285,lateral-raise,,,
0.932,0.222,-0.199,lateral-raise,,,
0.945,0.225,-0.207,lateral-raise,,,
0.972,0.188,-0.29,lateral-raise,,,
0.976,0.192,-0.332,lateral-raise,,,
0.964,0.173,-0.321,lateral-raise,,,
0.949,0.144,-0.37,lateral-raise,,,
0.925,0.25,-0.519,lateral-raise,,,
0.942,0.364,-0.689,lateral-raise,,,
1.01,0.326,-0.79,lateral-raise,,,
1.054,0.312,-0.752,lateral-raise,,,
1.087,0.303,-0.758,lateral-raise,,,
1.144,0.274,-0.84,lateral-raise,,,
1.192,0.253,-0.84,lateral-raise,,,
1.231,0.271,-0.862,lateral-raise,,,
1.243,0.293,-0.878,lateral-raise,,,
1.232,0.306,-0.792,lateral-raise,,,
1.234,0.314,-0.804,lateral-raise,,,
1.249,0.327,-0.817,lateral-raise,,,
1.273,0.35,-0.739,lateral-raise,,,
1.251,0.35,-0.761,lateral-raise,,,
1.259,0.373,-0.788,lateral-raise,,,
1.234,0.351,-0.733,lateral-raise,,,
1.242,0.297,-0.748,lateral-raise,,,
1.192,0.303,-0.665,lateral-raise,,,
1.122,0.298,-0.677,lateral-raise,,,
1.061,0.318,-0.732,lateral-raise,,,
1.017,0.294,-0.783,lateral-raise,,,
0.879,0.257,-0.756,lateral-raise,,,
0.831,0.303,-0.625,lateral-raise,,,
0.777,0.233,-0.679,lateral-raise,,,
0.698,0.232,-0.657,lateral-raise,,,
0.635,0.247,-0.702,lateral-raise,,,
0.55,0.188,-0.689,lateral-raise,,,
0.464,0.126,-0.63,lateral-raise,,,
0.435,0.199,-0.574,lateral-raise,,,
0.369,0.096,-0.575,lateral-raise,,,
0.299,0.032,-0.487,lateral-raise,,,
0.228,0.204,-0.532,lateral-raise,,,
0.183,0.103,-0.603,lateral-raise,,,
0.112,0.097,-0.502,lateral-raise,,,
0.04,0.098,-0.54,lateral-raise,,,
-0.018,0.017,-0.572,lateral-raise,,,
-0.05,0.01,-0.417,lateral-raise,,,
-0.073,0.079,-0.463,lateral-raise,,,
-0.108,0.004,-0.537,lateral-raise,,,
-0.19,-0.051,-0.417,lateral-raise,,,
-0.235,-0.014,-0.478,lateral-raise,,,
-0.24,-0.043,-0.554,lateral-raise,,,
-0.26,-0.062,-0.486,lateral-raise,,,
-0.315,-0.018,-0.478,lateral-raise,,,
-0.312,-0.052,-0.504,lateral-raise,,,
-0.31,-0.065,-0.477,lateral-raise,,,
-0.324,-0.027,-0.529,lateral-raise,,,
-0.312,-0.07,-0.634,lateral-raise,,,
-0.34,-0.092,-0.572,lateral-raise,,,
-0.345,-0.052,-0.537,lateral-raise,,,
-0.312,-0.058,-0.597,lateral-raise,,,
-0.305,-0.062,-0.609,lateral-raise,,,
-0.289,-0.027,-0.647,lateral-raise,,,
-0.264,-0.034,-0.633,lateral-raise,,,
-0.231,-0.057,-0.594,lateral-raise,,,
-0.196,-0.035,-0.622,lateral-raise,,,
-0.16,-0.024,-0.699,lateral-raise,,,
-0.139,-0.005,-0.728,lateral-raise,,,
-0.084,-0.025,-0.717,lateral-raise,,,
-0.042,0.006,-0.686,lateral-raise,,,
-0.004,0.038,-0.754,lateral-raise,,,
0.012,0.036,-0.736,lateral-raise,,,
0.044,0.05,-0.745,lateral-raise,,,
0.115,0.058,-0.769,lateral-raise,,,
0.134,0.076,-0.778,lateral-raise,,,
0.176,0.116,-0.936,lateral-raise,,,
0.257,0.069,-0.95,lateral-raise,,,
0.271,0.144,-0.816,lateral-raise,,,
0.323,0.149,-0.938,lateral-raise,,,
0.35,0.184,-1.017,lateral-raise,,,
0.417,0.1,-0.935,lateral-raise,,,
0.434,0.158,-0.806,lateral-raise,,,
0.466,0.276,-0.776,lateral-raise,,,
0.52,0.152,-0.784,lateral-raise,,,
0.536,0.304,-0.92,lateral-raise,,,
0.614,0.211,-0.974,lateral-raise,,,
0.646,0.17,-0.786,lateral-raise,,,
0.708,0.332,-0.791,lateral-raise,,,
0.712,0.205,-0.88,lateral-raise,,,
0.712,0.249,-0.845,lateral-raise,,,
0.789,0.298,-0.861,lateral-raise,,,
0.807,0.256,-0.693,lateral-raise,,,
0.801,0.261,-0.724,lateral-raise,,,
0.839,0.277,-0.814,lateral-raise,,,
0.873,0.274,-0.718,lateral-raise,,,
0.911,0.297,-0.676,lateral-raise,,,
0.926,0.298,-0.738,lateral-raise,,,
0.934,0.255,-0.719,lateral-raise,,,
0.93,0.234,-0.63,lateral-raise,,,
0.934,0.282,-0.567,lateral-raise,,,
0.952,0.25,-0.639,lateral-raise,,,
0.949,0.219,-0.627,lateral-raise,,,
0.949,0.231,-0.549,lateral-raise,,,
0.962,0.235,-0.48,lateral-raise,,,
0.973,0.242,-0.528,lateral-raise,,,
0.971,0.234,-0.544,lateral-raise,,,
0.972,0.233,-0.52,lateral-raise,,,
0.985,0.21,-0.451,lateral-raise,,,
0.988,0.201,-0.375,lateral-raise,,,
0.976,0.224,-0.436,lateral-raise,,,
0.964,0.224,-0.462,lateral-raise,,,
0.964,0.216,-0.382,lateral-raise,,,
0.968,0.209,-0.327,lateral-raise,,,
0.961,0.21,-0.323,lateral-raise,,,
0.955,0.227,-0.347,lateral-raise,,,
0.96,0.232,-0.319,lateral-raise,,,
0.951,0.226,-0.33,lateral-raise,,,
0.939,0.224,-0.351,lateral-raise,,,
0.944,0.232,-0.281,lateral-raise,,,
0.949,0.218,-0.234,lateral-raise,,,
0.96,0.231,-0.251,lateral-raise,,,
0.964,0.242,-0.28,lateral-raise,,,
0.978,0.224,-0.266,lateral-raise,,,
0.979,0.224,-0.229,lateral-raise,,,
0.96,0.224,-0.253,lateral-raise,,,
0.96,0.218,-0.265,lateral-raise,,,
0.959,0.196,-0.225,lateral-raise,,,
0.952,0.218,-0.204,lateral-raise,,,
0.953,0.221,-0.274,lateral-raise,,,
0.957,0.14,-0.274,lateral-raise,,,
0.935,0.112,-0.16,lateral-raise,,,
0.922,0.19,-0.174,lateral-raise,,,
0.955,0.164,-0.377,lateral-raise,,,
1.016,0.101,-0.714,lateral-raise,,,
1.024,0.263,-0.784,lateral-raise,,,
1.064,0.201,-0.776,lateral-raise,,,
1.087,0.262,-0.792,lateral-raise,,,
1.088,0.234,-0.792,lateral-raise,,,
1.148,0.15,-0.792,lateral-raise,,,
1.203,0.224,-0.85,lateral-raise,,,
1.215,0.282,-0.799,lateral-raise,,,
1.209,0.267,-0.792,lateral-raise,,,
1.249,0.271,-0.792,lateral-raise,,,
1.269,0.265,-0.792,lateral-raise,,,
1.265,0.284,-0.753,lateral-raise,,,
1.27,0.269,-0.744,lateral-raise,,,
1.272,0.289,-0.75,lateral-raise,,,
1.242,0.308,-0.8,lateral-raise,,,
1.214,0.277,-0.804,lateral-raise,,,
1.191,0.281,-0.708,lateral-raise,,,
1.128,0.271,-0.639,lateral-raise,,,
1.066,0.264,-0.716,lateral-raise,,,
1.027,0.259,-0.728,lateral-raise,,,
0.95,0.241,-0.646,lateral-raise,,,
0.877,0.217,-0.648,lateral-raise,,,
0.813,0.241,-0.677,lateral-raise,,,
0.747,0.204,-0.661,lateral-raise,,,
0.657,0.205,-0.648,lateral-raise,,,
0.552,0.214,-0.657,lateral-raise,,,
0.492,0.192,-0.652,lateral-raise,,,
0.432,0.16,-0.6,lateral-raise,,,
0.365,0.143,-0.529,lateral-raise,,,
0.333,0.116,-0.551,lateral-raise,,,
0.288,0.068,-0.602,lateral-raise,,,
0.197,0.096,-0.587,lateral-raise,,,
0.122,0.096,-0.573,lateral-raise,,,
0.109,0.033,-0.486,lateral-raise,,,
0.066,0.052,-0.476,lateral-raise,,,
-0.008,0.07,-0.597,lateral-raise,,,
-0.055,-0.014,-0.503,lateral-raise,,,
-0.118,0.045,-0.462,lateral-raise,,,
-0.126,0.017,-0.568,lateral-raise,,,
-0.168,-0.059,-0.538,lateral-raise,,,
-0.198,0.002,-0.476,lateral-raise,,,
-0.211,-0.012,-0.552,lateral-raise,,,
-0.217,-0.057,-0.624,lateral-raise,,,
-0.308,0.01,-0.691,lateral-raise,,,
-0.285,-0.085,-0.68,lateral-raise,,,
-0.279,-0.061,-0.555,lateral-raise,,,
-0.308,-0.004,-0.549,lateral-raise,,,
-0.223,-0.039,-0.68,lateral-raise,,,
-0.215,-0.091,-0.563,lateral-raise,,,
-0.2,-0.043,-0.674,lateral-raise,,,
-0.2,-0.086,-0.704,lateral-raise,,,
-0.207,-0.048,-0.703,lateral-raise,,,
-0.176,-0.04,-0.656,lateral-raise,,,
-0.152,-0.048,-0.592,lateral-raise,,,
-0.152,-0.048,-0.592,lateral-raise,,,
-0.144,-0.001,-0.646,lateral-raise,,,
-0.106,-0.008,-0.678,lateral-raise,,,
-0.059,-0.023,-0.658,lateral-raise,,,
-0.078,0.005,-0.736,lateral-raise,,,
-0.001,-0.013,-0.751,lateral-raise,,,
0.029,0.033,-0.703,lateral-raise,,,
0.059,0.02,-0.778,lateral-raise,,,
0.071,0.043,-0.832,lateral-raise,,,
0.137,0.061,-0.781,lateral-raise,,,
0.158,0.051,-0.711,lateral-raise,,,
0.179,0.11,-0.845,lateral-raise,,,
0.25,0.068,-0.967,lateral-raise,,,
0.278,0.113,-0.91,lateral-raise,,,
0.332,0.159,-0.891,lateral-raise,,,
0.358,0.107,-0.929,lateral-raise,,,
0.376,0.145,-0.874,lateral-raise,,,
0.41,0.155,-0.903,lateral-raise,,,
0.475,0.113,-0.936,lateral-raise,,,
0.544,0.121,-0.901,lateral-raise,,,
0.544,0.203,-0.976,lateral-raise,,,
0.584,0.192,-1.003,lateral-raise,,,
0.628,0.192,-0.954,lateral-raise,,,
0.654,0.259,-0.953,lateral-raise,,,
0.689,0.201,-0.914,lateral-raise,,,
0.712,0.156,-0.832,lateral-raise,,,
0.72,0.215,-0.838,lateral-raise,,,
0.738,0.222,-0.843,lateral-raise,,,
0.774,0.172,-0.789,lateral-raise,,,
0.799,0.163,-0.786,lateral-raise,,,
0.798,0.206,-0.784,lateral-raise,,,
0.796,0.204,-0.696,lateral-raise,,,
0.825,0.178,-0.615,lateral-raise,,,
0.845,0.195,-0.675,lateral-raise,,,
0.851,0.232,-0.699,lateral-raise,,,
0.845,0.202,-0.645,lateral-raise,,,
0.854,0.213,-0.579,lateral-raise,,,
0.856,0.224,-0.553,lateral-raise,,,
0.884,0.22,-0.526,lateral-raise,,,
0.898,0.213,-0.573,lateral-raise,,,
0.907,0.229,-0.579,lateral-raise,,,
0.926,0.216,-0.525,lateral-raise,,,
0.955,0.216,-0.513,lateral-raise,,,
0.968,0.215,-0.519,lateral-raise,,,
0.968,0.211,-0.513,lateral-raise,,,
0.969,0.228,-0.516,lateral-raise,,,
0.977,0.192,-0.473,lateral-raise,,,
0.99,0.193,-0.402,lateral-raise,,,
0.968,0.208,-0.43,lateral-raise,,,
0.968,0.216,-0.39,lateral-raise,,,
0.96,0.223,-0.329,lateral-raise,,,
0.944,0.169,-0.479,lateral-raise,,,
0.952,0.207,-0.348,lateral-raise,,,
0.929,0.261,-0.352,lateral-raise,,,
0.943,0.227,-0.374,lateral-raise,,,
0.922,0.188,-0.405,lateral-raise,,,
0.934,0.234,-0.322,lateral-raise,,,
0.943,0.233,-0.27,lateral-raise,,,
0.951,0.225,-0.257,lateral-raise,,,
0.965,0.231,-0.256,lateral-raise,,,
0.961,0.252,-0.295,lateral-raise,,,
0.966,0.256,-0.253,lateral-raise,,,
0.968,0.237,-0.159,lateral-raise,,,
0.962,0.244,-0.178,lateral-raise,,,
0.966,0.189,-0.286,lateral-raise,,,
0.968,0.162,-0.309,lateral-raise,,,
0.957,0.199,-0.298,lateral-raise,,,
0.947,0.178,-0.41,lateral-raise,,,
0.949,0.186,-0.522,lateral-raise,,,
0.977,0.292,-0.705,lateral-raise,,,
1.032,0.29,-0.772,lateral-raise,,,
1.099,0.232,-0.712,lateral-raise,,,
1.128,0.221,-0.689,lateral-raise,,,
1.137,0.228,-0.844,lateral-raise,,,
1.127,0.245,-0.93,lateral-raise,,,
1.145,0.277,-0.875,lateral-raise,,,
1.192,0.256,-0.812,lateral-raise,,,
1.196,0.239,-0.78,lateral-raise,,,
1.221,0.26,-0.817,lateral-raise,,,
1.285,0.217,-0.8,lateral-raise,,,
1.312,0.178,-0.691,lateral-raise,,,
1.293,0.198,-0.717,lateral-raise,,,
1.252,0.223,-0.814,lateral-raise,,,
1.215,0.242,-0.735,lateral-raise,,,
1.168,0.224,-0.675,lateral-raise,,,
1.126,0.2,-0.728,lateral-raise,,,
1.085,0.186,-0.677,lateral-raise,,,
1.02,0.192,-0.599,lateral-raise,,,
0.957,0.186,-0.715,lateral-raise,,,
0.906,0.164,-0.746,lateral-raise,,,
0.826,0.157,-0.66,lateral-raise,,,
0.76,0.178,-0.599,lateral-raise,,,
0.684,0.172,-0.62,lateral-raise,,,
0.616,0.121,-0.599,lateral-raise,,,
0.527,0.12,-0.599,lateral-raise,,,
0.459,0.074,-0.635,lateral-raise,,,
0.364,0.082,-0.613,lateral-raise,,,
0.327,0.033,-0.719,lateral-raise,,,
0.307,0.039,-0.711,lateral-raise,,,
0.237,0.032,-0.794,lateral-raise,,,
0.174,0.03,-0.668,lateral-raise,,,
0.104,-0.024,-0.52,lateral-raise,,,
0.04,0.048,-0.496,lateral-raise,,,
0.063,-0.037,-0.574,lateral-raise,,,
-0.004,-0.01,-0.584,lateral-raise,,,
-0.008,-0.045,-0.495,lateral-raise,,,
-0.066,-0.055,-0.4,lateral-raise,,,
-0.072,-0.027,-0.663,lateral-raise,,,
-0.114,-0.108,-0.654,lateral-raise,,,
-0.14,-0.072,-0.525,lateral-raise,,,
-0.217,-0.017,-0.517,lateral-raise,,,
-0.193,-0.112,-0.553,lateral-raise,,,
-0.273,-0.079,-0.471,lateral-raise,,,
-0.253,-0.052,-0.597,lateral-raise,,,
-0.234,-0.127,-0.598,lateral-raise,,,
-0.297,-0.076,-0.543,lateral-raise,,,
-0.257,-0.1,-0.614,lateral-raise,,,
-0.238,-0.103,-0.581,lateral-raise,,,
-0.278,-0.069,-0.579,lateral-raise,,,
-0.259,-0.109,-0.634,lateral-raise,,,
-0.235,-0.121,-0.569,lateral-raise,,,
-0.232,-0.082,-0.619,lateral-raise,,,
-0.213,-0.074,-0.694,lateral-raise,,,
-0.177,-0.089,-0.685,lateral-raise,,,
-0.151,-0.042,-0.699,lateral-raise,,,
-0.114,-0.035,-0.716,lateral-raise,,,
-0.08,-0.035,-0.683,lateral-raise,,,
-0.04,-0.016,-0.708,lateral-raise,,,
0.015,-0.036,-0.775,lateral-raise,,,
0.051,-0.026,-0.796,lateral-raise,,,
0.082,-0.014,-0.811,lateral-raise,,,
0.124,0.005,-0.807,lateral-raise,,,
0.162,0.046,-0.906,lateral-raise,,,
0.191,0.023,-1.005,lateral-raise,,,
0.228,0.04,-0.857,lateral-raise,,,
0.259,0.091,-0.816,lateral-raise,,,
0.293,0.093,-0.81,lateral-raise,,,
0.344,0.122,-0.876,lateral-raise,,,
0.42,0.121,-0.899,lateral-raise,,,
0.466,0.127,-0.875,lateral-raise,,,
0.47,0.18,-0.856,lateral-raise,,,
0.55,0.153,-0.9,lateral-raise,,,
0.593,0.202,-0.89,lateral-raise,,,
0.59,0.254,-0.874,lateral-raise,,,
0.688,0.18,-0.768,lateral-raise,,,
0.69,0.207,-0.746,lateral-raise,,,
0.713,0.242,-0.856,lateral-raise,,,
0.777,0.198,-0.895,lateral-raise,,,
0.784,0.204,-0.748,lateral-raise,,,
0.787,0.401,-0.714,lateral-raise,,,
0.824,0.204,-0.743,lateral-raise,,,
0.816,0.281,-0.722,lateral-raise,,,
0.832,0.303,-0.775,lateral-raise,,,
0.872,0.209,-0.673,lateral-raise,,,
0.864,0.332,-0.602,lateral-raise,,,
0.902,0.336,-0.745,lateral-raise,,,
0.934,0.209,-0.677,lateral-raise,,,
0.943,0.28,-0.504,lateral-raise,,,
0.937,0.295,-0.545,lateral-raise,,,
0.971,0.198,-0.587,lateral-raise,,,
0.996,0.198,-0.592,lateral-raise,,,
0.987,0.233,-0.585,lateral-raise,,,
0.997,0.247,-0.571,lateral-raise,,,
1.006,0.229,-0.498,lateral-raise,,,
0.996,0.236,-0.474,lateral-raise,,,
0.986,0.258,-0.448,lateral-raise,,,
0.966,0.24,-0.434,lateral-raise,,,
0.971,0.186,-0.461,lateral-raise,,,
0.976,0.213,-0.372,lateral-raise,,,
0.965,0.254,-0.296,lateral-raise,,,
0.971,0.248,-0.343,lateral-raise,,,
0.971,0.204,-0.407,lateral-raise,,,
0.968,0.214,-0.375,lateral-raise,,,
0.973,0.261,-0.287,lateral-raise,,,
0.981,0.266,-0.243,lateral-raise,,,
0.984,0.202,-0.28,lateral-raise,,,
0.988,0.182,-0.303,lateral-raise,,,
0.98,0.233,-0.279,lateral-raise,,,
0.972,0.248,-0.252,lateral-raise,,,
0.976,0.228,-0.244,lateral-raise,,,
0.98,0.209,-0.248,lateral-raise,,,
0.966,0.21,-0.227,lateral-raise,,,
0.944,0.245,-0.197,lateral-raise,,,
0.944,0.258,-0.192,lateral-raise,,,
0.95,0.242,-0.201,lateral-raise,,,
0.954,0.232,-0.199,lateral-raise,,,
0.939,0.232,-0.163,lateral-raise,,,
0.928,0.229,-0.157,lateral-raise,,,
0.928,0.226,-0.173,lateral-raise,,,
0.935,0.234,-0.189,lateral-raise,,,
0.95,0.255,-0.187,lateral-raise,,,
0.948,0.292,-0.152,lateral-raise,,,
0.978,0.258,-0.168,lateral-raise,,,
1.035,0.161,-0.219,lateral-raise,,,
1.01,0.099,-0.242,lateral-raise,,,
0.983,0.233,-0.452,lateral-raise,,,
0.982,0.327,-0.614,lateral-raise,,,
1.029,0.363,-0.75,lateral-raise,,,
1.117,0.325,-0.784,lateral-raise,,,
1.102,0.295,-0.728,lateral-raise,,,
1.161,0.286,-0.817,lateral-raise,,,
1.171,0.267,-0.826,lateral-raise,,,
1.225,0.32,-0.856,lateral-raise,,,
1.248,0.336,-0.864,lateral-raise,,,
1.28,0.288,-0.92,lateral-raise,,,
1.28,0.288,-0.92,lateral-raise,,,
1.327,0.342,-0.749,lateral-raise,,,
1.313,0.336,-0.721,lateral-raise,,,
1.342,0.373,-0.809,lateral-raise,,,
1.322,0.354,-0.787,lateral-raise,,,
1.263,0.402,-0.77,lateral-raise,,,
1.221,0.352,-0.663,lateral-raise,,,
1.202,0.364,-0.682,lateral-raise,,,
1.14,0.348,-0.675,lateral-raise,,,
1.082,0.344,-0.652,lateral-raise,,,
1.002,0.325,-0.584,lateral-raise,,,
0.934,0.345,-0.63,lateral-raise,,,
0.854,0.31,-0.648,lateral-raise,,,
0.773,0.284,-0.613,lateral-raise,,,
0.7,0.297,-0.617,lateral-raise,,,
0.624,0.265,-0.607,lateral-raise,,,
0.557,0.237,-0.638,lateral-raise,,,
0.473,0.221,-0.593,lateral-raise,,,
0.415,0.175,-0.565,lateral-raise,,,
0.341,0.142,-0.538,lateral-raise,,,
0.285,0.165,-0.544,lateral-raise,,,
0.24,0.101,-0.528,lateral-raise,,,
0.18,0.013,-0.482,lateral-raise,,,
0.074,0.104,-0.559,lateral-raise,,,
0.016,0.071,-0.644,lateral-raise,,,
0.008,-0.008,-0.532,lateral-raise,,,
-0.035,0.101,-0.474,lateral-raise,,,
-0.071,0.08,-0.573,lateral-raise,,,
-0.098,-0.011,-0.552,lateral-raise,,,
-0.14,0.016,-0.512,lateral-raise,,,
-0.158,-0.039,-0.568,lateral-raise,,,
-0.172,-0.096,-0.556,lateral-raise,,,
-0.207,-0.024,-0.591,lateral-raise,,,
-0.217,-0.012,-0.669,lateral-raise,,,
-0.264,-0.083,-0.596,lateral-raise,,,
-0.262,-0.029,-0.542,lateral-raise,,,
-0.263,0.005,-0.608,lateral-raise,,,
-0.274,-0.068,-0.65,lateral-raise,,,
-0.266,-0.06,-0.658,lateral-raise,,,
-0.283,-0.014,-0.669,lateral-raise,,,
-0.237,-0.061,-0.691,lateral-raise,,,
-0.224,-0.039,-0.704,lateral-raise,,,
-0.221,-0.009,-0.696,lateral-raise,,,
-0.203,-0.044,-0.652,lateral-raise,,,
-0.173,0.018,-0.638,lateral-raise,,,
-0.149,-0.017,-0.686,lateral-raise,,,
-0.119,0.037,-0.732,lateral-raise,,,
-0.103,0.012,-0.699,lateral-raise,,,
-0.085,0.071,-0.746,lateral-raise,,,
-0.023,0.047,-0.781,lateral-raise,,,
0.016,0.017,-0.672,lateral-raise,,,
0.04,0.071,-0.648,lateral-raise,,,
0.087,0.111,-0.819,lateral-raise,,,
0.088,0.066,-0.877,lateral-raise,,,
0.088,0.079,-0.835,lateral-raise,,,
0.132,0.124,-0.73,lateral-raise,,,
0.2,0.121,-0.684,lateral-raise,,,
0.236,0.148,-0.82,lateral-raise,,,
0.267,0.159,-0.826,lateral-raise,,,
0.339,0.147,-0.824,lateral-raise,,,
0.385,0.144,-0.791,lateral-raise,,,
0.411,0.252,-0.873,lateral-raise,,,
0.453,0.162,-0.896,lateral-raise,,,
0.482,0.207,-0.824,lateral-raise,,,
0.523,0.22,-0.847,lateral-raise,,,
0.576,0.216,-0.83,lateral-raise,,,
0.62,0.188,-0.872,lateral-raise,,,
0.654,0.29,-0.842,lateral-raise,,,
0.722,0.302,-0.827,lateral-raise,,,
0.752,0.27,-0.817,lateral-raise,,,
0.777,0.289,-0.857,lateral-raise,,,
0.821,0.261,-0.797,lateral-raise,,,
0.831,0.26,-0.731,lateral-raise,,,
0.837,0.307,-0.791,lateral-raise,,,
0.857,0.293,-0.762,lateral-raise,,,
0.868,0.272,-0.704,lateral-raise,,,
0.88,0.3,-0.668,lateral-raise,,,
0.903,0.308,-0.674,lateral-raise,,,
0.924,0.285,-0.702,lateral-raise,,,
0.935,0.283,-0.626,lateral-raise,,,
0.947,0.316,-0.568,lateral-raise,,,
0.955,0.318,-0.597,lateral-raise,,,
0.951,0.262,-0.603,lateral-raise,,,
0.945,0.249,-0.544,lateral-raise,,,
0.963,0.28,-0.519,lateral-raise,,,
0.973,0.283,-0.485,lateral-raise,,,
0.977,0.286,-0.51,lateral-raise,,,
0.965,0.28,-0.49,lateral-raise,,,
0.98,0.278,-0.464,lateral-raise,,,
0.996,0.264,-0.459,lateral-raise,,,
1.006,0.238,-0.377,lateral-raise,,,
0.998,0.239,-0.401,lateral-raise,,,
0.991,0.264,-0.385,lateral-raise,,,
0.983,0.26,-0.415,lateral-raise,,,
0.976,0.239,-0.359,lateral-raise,,,
0.975,0.233,-0.304,lateral-raise,,,
0.969,0.242,-0.311,lateral-raise,,,
0.977,0.253,-0.362,lateral-raise,,,
0.982,0.223,-0.302,lateral-raise,,,
0.961,0.21,-0.278,lateral-raise,,,
0.976,0.248,-0.248,lateral-raise,,,
0.984,0.264,-0.232,lateral-raise,,,
0.976,0.248,-0.264,lateral-raise,,,
0.992,0.24,-0.155,lateral-raise,,,
0.954,0.24,-0.182,lateral-raise,,,
0.945,0.233,-0.214,lateral-raise,,,
0.944,0.225,-0.209,lateral-raise,,,
0.923,0.224,-0.151,lateral-raise,,,
0.92,0.238,-0.165,lateral-raise,,,
0.927,0.247,-0.188,lateral-raise,,,
0.941,0.241,-0.152,lateral-raise,,,
0.937,0.247,-0.177,lateral-raise,,,
0.98,0.21,-0.241,lateral-raise,,,
0.998,0.138,-0.299,lateral-raise,,,
0.982,0.12,-0.246,lateral-raise,,,
0.964,0.173,-0.171,lateral-raise,,,
0.966,0.209,-0.284,lateral-raise,,,
0.99,0.233,-0.392,lateral-raise,,,
1.022,0.3,-0.524,lateral-raise,,,
1.074,0.291,-0.702,lateral-raise,,,
1.081,0.272,-0.732,lateral-raise,,,
1.107,0.287,-0.737,lateral-raise,,,
1.118,0.267,-0.79,lateral-raise,,,
1.144,0.248,-0.811,lateral-raise,,,
1.168,0.297,-0.812,lateral-raise,,,
1.194,0.293,-0.838,lateral-raise,,,
1.212,0.289,-0.819,lateral-raise,,,
1.228,0.34,-0.828,lateral-raise,,,
1.279,0.352,-0.837,lateral-raise,,,
1.294,0.359,-0.745,lateral-raise,,,
1.258,0.337,-0.694,lateral-raise,,,
1.24,0.281,-0.699,lateral-raise,,,
1.221,0.295,-0.686,lateral-raise,,,
1.183,0.297,-0.684,lateral-raise,,,
1.142,0.268,-0.687,lateral-raise,,,
1.085,0.288,-0.701,lateral-raise,,,
1.033,0.261,-0.671,lateral-raise,,,
0.963,0.265,-0.71,lateral-raise,,,
0.929,0.25,-0.663,lateral-raise,,,
0.844,0.256,-0.606,lateral-raise,,,
0.754,0.246,-0.62,lateral-raise,,,
0.692,0.209,-0.626,lateral-raise,,,
0.604,0.192,-0.703,lateral-raise,,,
0.525,0.212,-0.76,lateral-raise,,,
0.496,0.163,-0.728,lateral-raise,,,
0.408,0.175,-0.574,lateral-raise,,,
0.356,0.167,-0.611,lateral-raise,,,
0.322,0.162,-0.635,lateral-raise,,,
0.262,0.172,-0.667,lateral-raise,,,
0.157,0.128,-0.684,lateral-raise,,,
0.118,0.027,-0.518,lateral-raise,,,
0.087,0.089,-0.492,lateral-raise,,,
0.04,0.111,-0.623,lateral-raise,,,
0.008,0.041,-0.569,lateral-raise,,,
-0.07,0.048,-0.56,lateral-raise,,,
-0.118,0.018,-0.522,lateral-raise,,,
-0.12,0.046,-0.565,lateral-raise,,,
-0.171,0.055,-0.51,lateral-raise,,,
-0.183,-0.008,-0.547,lateral-raise,,,
-0.177,-0.079,-0.51,lateral-raise,,,
-0.258,0.055,-0.545,lateral-raise,,,
-0.245,-0.033,-0.619,lateral-raise,,,
-0.247,-0.082,-0.502,lateral-raise,,,
-0.248,0.039,-0.555,lateral-raise,,,
-0.242,-0.071,-0.601,lateral-raise,,,
-0.294,-0.046,-0.584,lateral-raise,,,
-0.277,-0.03,-0.729,lateral-raise,,,
-0.258,-0.043,-0.624,lateral-raise,,,
-0.284,-0.026,-0.577,lateral-raise,,,
-0.247,-0.043,-0.611,lateral-raise,,,
-0.213,-0.061,-0.619,lateral-raise,,,
-0.213,-0.003,-0.677,lateral-raise,,,
-0.191,-0.027,-0.702,lateral-raise,,,
-0.162,-0.026,-0.643,lateral-raise,,,
-0.129,0.0,-0.71,lateral-raise,,,
-0.085,-0.022,-0.762,lateral-raise,,,
-0.051,0.003,-0.666,lateral-raise,,,
-0.011,0.036,-0.675,lateral-raise,,,
0.032,0.016,-0.736,lateral-raise,,,
0.063,0.035,-0.778,lateral-raise,,,
0.095,0.061,-0.836,lateral-raise,,,
0.13,0.083,-0.808,lateral-raise,,,
0.176,0.098,-0.781,lateral-raise,,,
0.205,0.091,-0.781,lateral-raise,,,
0.234,0.141,-0.78,lateral-raise,,,
0.308,0.127,-0.809,lateral-raise,,,
0.352,0.142,-0.806,lateral-raise,,,
0.386,0.187,-0.848,lateral-raise,,,
0.436,0.17,-0.853,lateral-raise,,,
0.473,0.212,-0.88,lateral-raise,,,
0.521,0.239,-0.88,lateral-raise,,,
0.592,0.186,-0.78,lateral-raise,,,
0.603,0.256,-0.827,lateral-raise,,,
0.656,0.292,-0.841,lateral-raise,,,
0.729,0.237,-0.767,lateral-raise,,,
0.775,0.311,-0.833,lateral-raise,,,
0.815,0.231,-0.835,lateral-raise,,,
0.86,0.274,-0.808,lateral-raise,,,
0.887,0.281,-0.809,lateral-raise,,,
0.881,0.223,-0.811,lateral-raise,,,
0.896,0.219,-0.759,lateral-raise,,,
0.896,0.256,-0.748,lateral-raise,,,
0.905,0.247,-0.681,lateral-raise,,,
0.944,0.208,-0.712,lateral-raise,,,
0.92,0.256,-0.664,lateral-raise,,,
0.912,0.295,-0.749,lateral-raise,,,
0.942,0.258,-0.638,lateral-raise,,,
0.951,0.249,-0.662,lateral-raise,,,
0.952,0.233,-0.54,lateral-raise,,,
0.959,0.196,-0.485,lateral-raise,,,
0.974,0.22,-0.543,lateral-raise,,,
0.969,0.224,-0.545,lateral-raise,,,
0.975,0.224,-0.484,lateral-raise,,,
0.976,0.224,-0.433,lateral-raise,,,
0.976,0.237,-0.437,lateral-raise,,,
0.976,0.234,-0.44,lateral-raise,,,
0.988,0.226,-0.404,lateral-raise,,,
1.004,0.195,-0.416,lateral-raise,,,
1.014,0.207,-0.384,lateral-raise,,,
1.01,0.216,-0.346,lateral-raise,,,
1.008,0.216,-0.331,lateral-raise,,,
1.013,0.232,-0.307,lateral-raise,,,
1.011,0.22,-0.301,lateral-raise,,,
1.003,0.218,-0.294,lateral-raise,,,
0.995,0.224,-0.259,lateral-raise,,,
0.987,0.238,-0.231,lateral-raise,,,
0.98,0.23,-0.224,lateral-raise,,,
0.976,0.212,-0.224,lateral-raise,,,
0.976,0.212,-0.22,lateral-raise,,,
0.98,0.22,-0.196,lateral-raise,,,
0.992,0.216,-0.18,lateral-raise,,,
0.989,0.204,-0.173,lateral-raise,,,
0.969,0.221,-0.132,lateral-raise,,,
0.957,0.248,-0.123,lateral-raise,,,
0.952,0.251,-0.15,lateral-raise,,,
0.949,0.247,-0.154,lateral-raise,,,
0.95,0.209,-0.149,lateral-raise,,,
0.965,0.19,-0.096,lateral-raise,,,
0.973,0.232,-0.115,lateral-raise,,,
0.97,0.23,-0.113,lateral-raise,,,
0.976,0.224,-0.098,lateral-raise,,,
0.974,0.22,-0.108,lateral-raise,,,
0.966,0.204,-0.104,lateral-raise,,,
0.96,0.199,-0.056,lateral-raise,,,
0.96,0.227,-0.059,lateral-raise,,,
0.966,0.228,-0.087,lateral-raise,,,
0.989,0.18,-0.153,lateral-raise,,,
0.978,0.199,-0.141,lateral-raise,,,
0.992,0.199,-0.05,lateral-raise,,,
0.993,0.243,-0.201,lateral-raise,,,
0.999,0.2,-0.411,lateral-raise,,,
0.986,0.208,-0.446,lateral-raise,,,
1.017,0.312,-0.531,lateral-raise,,,
1.033,0.305,-0.593,lateral-raise,,,
1.08,0.336,-0.634,lateral-raise,,,
1.088,0.328,-0.814,lateral-raise,,,
1.142,0.18,-0.645,lateral-raise,,,
1.182,0.199,-0.503,lateral-raise,,,
1.221,0.207,-0.697,lateral-raise,,,
1.253,0.223,-0.814,lateral-raise,,,
1.235,0.274,-0.81,lateral-raise,,,
1.232,0.259,-0.752,lateral-raise,,,
1.246,0.283,-0.628,lateral-raise,,,
1.275,0.328,-0.641,lateral-raise,,,
1.28,0.329,-0.681,lateral-raise,,,
1.261,0.296,-0.637,lateral-raise,,,
1.256,0.313,-0.624,lateral-raise,,,
1.244,0.302,-0.721,lateral-raise,,,
1.199,0.29,-0.687,lateral-raise,,,
1.15,0.34,-0.681,lateral-raise,,,
1.103,0.343,-0.666,lateral-raise,,,
1.045,0.336,-0.64,lateral-raise,,,
0.987,0.31,-0.611,lateral-raise,,,
0.932,0.316,-0.656,lateral-raise,,,
0.872,0.288,-0.668,lateral-raise,,,
0.8,0.25,-0.67,lateral-raise,,,
0.726,0.235,-0.694,lateral-raise,,,
0.66,0.245,-0.704,lateral-raise,,,
0.602,0.243,-0.695,lateral-raise,,,
0.526,0.215,-0.688,lateral-raise,,,
0.448,0.188,-0.668,lateral-raise,,,
0.389,0.157,-0.648,lateral-raise,,,
0.316,0.114,-0.611,lateral-raise,,,
0.232,0.12,-0.642,lateral-raise,,,
0.155,0.147,-0.749,lateral-raise,,,
0.085,0.131,-0.752,lateral-raise,,,
0.056,0.13,-0.713,lateral-raise,,,
0.05,0.114,-0.676,lateral-raise,,,
0.013,0.085,-0.585,lateral-raise,,,
-0.05,0.048,-0.484,lateral-raise,,,
-0.084,0.053,-0.587,lateral-raise,,,
-0.128,0.048,-0.623,lateral-raise,,,
-0.176,0.021,-0.59,lateral-raise,,,
-0.204,0.048,-0.664,lateral-raise,,,
-0.225,0.031,-0.649,lateral-raise,,,
-0.263,0.033,-0.647,lateral-raise,,,
-0.294,-0.049,-0.516,lateral-raise,,,
-0.328,-0.005,-0.512,lateral-raise,,,
-0.36,0.034,-0.6,lateral-raise,,,
-0.32,-0.043,-0.636,lateral-raise,,,
-0.374,-0.006,-0.552,lateral-raise,,,
-0.358,0.004,-0.553,lateral-raise,,,
-0.338,-0.031,-0.562,lateral-raise,,,
-0.359,-0.017,-0.579,lateral-raise,,,
-0.344,-0.04,-0.489,lateral-raise,,,
-0.352,-0.024,-0.536,lateral-raise,,,
-0.344,0.0,-0.576,lateral-raise,,,
-0.344,0.0,-0.576,lateral-raise,,,
-0.36,-0.062,-0.568,lateral-raise,,,
-0.352,-0.064,-0.538,lateral-raise,,,
-0.337,-0.027,-0.573,lateral-raise,,,
-0.336,-0.031,-0.554,lateral-raise,,,
-0.35,-0.011,-0.559,lateral-raise,,,
-0.303,-0.029,-0.651,lateral-raise,,,
-0.269,-0.005,-0.657,lateral-raise,,,
-0.237,0.053,-0.689,lateral-raise,,,
-0.199,0.097,-0.67,lateral-raise,,,
-0.103,0.06,-0.67,lateral-raise,,,
-0.068,0.048,-0.641,lateral-raise,,,
-0.028,0.03,-0.741,lateral-raise,,,
0.043,0.012,-0.752,lateral-raise,,,
0.081,0.042,-0.744,lateral-raise,,,
0.105,0.078,-0.844,lateral-raise,,,
0.15,0.061,-0.818,lateral-raise,,,
0.194,0.037,-0.805,lateral-raise,,,
0.223,0.129,-0.847,lateral-raise,,,
0.252,0.065,-0.864,lateral-raise,,,
0.302,0.016,-0.783,lateral-raise,,,
0.347,0.138,-0.83,lateral-raise,,,
0.391,0.131,-0.868,lateral-raise,,,
0.438,0.055,-0.793,lateral-raise,,,
0.468,0.127,-0.843,lateral-raise,,,
0.52,0.168,-0.92,lateral-raise,,,
0.575,0.167,-0.885,lateral-raise,,,
0.614,0.207,-0.878,lateral-raise,,,
0.658,0.181,-0.819,lateral-raise,,,
0.7,0.153,-0.688,lateral-raise,,,
0.751,0.208,-0.72,lateral-raise,,,
0.805,0.232,-0.807,lateral-raise,,,
0.849,0.195,-0.76,lateral-raise,,,
0.872,0.225,-0.701,lateral-raise,,,
0.898,0.251,-0.719,lateral-raise,,,
0.922,0.213,-0.707,lateral-raise,,,
0.935,0.244,-0.584,lateral-raise,,,
0.963,0.273,-0.618,lateral-raise,,,
1.002,0.212,-0.592,lateral-raise,,,
1.037,0.231,-0.566,lateral-raise,,,
1.056,0.244,-0.565,lateral-raise,,,
1.06,0.21,-0.583,lateral-raise,,,
1.081,0.269,-0.565,lateral-raise,,,
1.094,0.324,-0.498,lateral-raise,,,
1.126,0.241,-0.429,lateral-raise,,,
1.11,0.142,-0.517,lateral-raise,,,
1.095,0.196,-0.484,lateral-raise,,,
1.08,0.24,-0.45,lateral-raise,,,
1.079,0.24,-0.472,lateral-raise,,,
1.064,0.233,-0.48,lateral-raise,,,
1.056,0.256,-0.463,lateral-raise,,,
1.04,0.24,-0.377,lateral-raise,,,
1.04,0.248,-0.368,lateral-raise,,,
1.017,0.256,-0.322,lateral-raise,,,
1.009,0.263,-0.342,lateral-raise,,,
0.993,0.235,-0.322,lateral-raise,,,
0.971,0.253,-0.249,lateral-raise,,,
0.933,0.263,-0.205,lateral-raise,,,
0.894,0.25,-0.193,lateral-raise,,,
0.881,0.208,-0.145,lateral-raise,,,
0.867,0.22,-0.09,lateral-raise,,,
0.851,0.243,-0.105,lateral-raise,,,
0.867,0.26,-0.1,lateral-raise,,,
0.884,0.282,-0.102,lateral-raise,,,
0.9,0.288,-0.063,lateral-raise,,,
0.893,0.248,0.004,lateral-raise,,,
0.888,0.232,0.007,lateral-raise,,,
0.893,0.227,-0.043,lateral-raise,,,
0.901,0.213,-0.064,lateral-raise,,,
0.899,0.244,-0.033,lateral-raise,,,
0.891,0.289,-0.011,lateral-raise,,,
0.888,0.275,-0.037,lateral-raise,,,
0.883,0.256,-0.028,lateral-raise,,,
0.876,0.234,-0.012,lateral-raise,,,
0.876,0.229,0.006,lateral-raise,,,
0.884,0.24,-0.005,lateral-raise,,,
0.904,0.224,-0.048,lateral-raise,,,
0.924,0.216,-0.045,lateral-raise,,,
0.932,0.235,0.002,lateral-raise,,,
0.929,0.28,0.046,lateral-raise,,,
0.927,0.296,0.037,lateral-raise,,,
0.942,0.267,-0.013,lateral-raise,,,
0.967,0.272,-0.035,lateral-raise,,,
0.998,0.275,-0.011,lateral-raise,,,
1.008,0.277,0.035,lateral-raise,,,
1.008,0.269,0.019,lateral-raise,,,
1.015,0.271,0.01,lateral-raise,,,
1.041,0.288,0.002,lateral-raise,,,
1.068,0.288,-0.021,lateral-raise,,,
1.078,0.288,0.02,lateral-raise,,,
1.077,0.292,0.052,lateral-raise,,,
1.094,0.306,0.035,lateral-raise,,,
1.087,0.305,0.016,lateral-raise,,,
1.076,0.269,0.011,lateral-raise,,,
1.054,0.262,-0.014,lateral-raise,,,
1.037,0.301,-0.001,lateral-raise,,,
1.016,0.339,-0.004,lateral-raise,,,
1.017,0.356,0.029,lateral-raise,,,
1.032,0.318,0.002,lateral-raise,,,
1.029,0.287,0.033,lateral-raise,,,
0.969,0.265,0.047,lateral-raise,,,
0.992,0.312,0.0,lateral-raise,,,
