back,leverage-high-row,30,20,-528,608,-368
back,leverage-high-row,30,20,-598,717,-679
back,leverage-high-row,30,20,-661,636,-467
back,leverage-high-row,30,20,-493,550,-411
back,leverage-high-row,30,20,-524,712,-109
back,leverage-high-row,30,20,-592,878,-173
back,leverage-high-row,30,20,-600,798,-428
back,leverage-high-row,30,20,-511,532,-341
back,leverage-high-row,30,20,-509,541,-140
back,leverage-high-row,30,20,-636,611,-377
back,leverage-high-row,30,20,-626,656,-440
back,leverage-high-row,30,20,-659,664,-359
back,leverage-high-row,30,20,-684,634,-366
back,leverage-high-row,30,20,-647,583,-470
back,leverage-high-row,30,20,-615,631,-487
back,leverage-high-row,30,20,-625,689,-424
back,leverage-high-row,30,20,-589,655,-340
back,leverage-high-row,30,20,-526,685,-238
back,leverage-high-row,30,20,-529,687,-384
back,leverage-high-row,30,20,-623,712,-424
back,leverage-high-row,30,20,-696,779,-360
back,leverage-high-row,30,20,-726,752,-344
back,leverage-high-row,30,20,-673,654,-460
back,leverage-high-row,30,20,-607,569,-479
back,leverage-high-row,30,20,-613,603,-470
back,leverage-high-row,30,20,-624,604,-472
back,leverage-high-row,30,20,-585,517,-397
back,leverage-high-row,30,20,-523,473,-331
back,leverage-high-row,30,20,-460,452,-277
back,leverage-high-row,30,20,-400,438,-176
back,leverage-high-row,30,20,-345,401,-98
back,leverage-high-row,30,20,-300,386,-163
back,leverage-high-row,30,20,-251,433,-209
back,leverage-high-row,30,20,-184,469,-351
back,leverage-high-row,30,20,-180,452,-390
back,leverage-high-row,30,20,-238,433,-218
back,leverage-high-row,30,20,-230,526,-264
back,leverage-high-row,30,20,-201,518,-233
back,leverage-high-row,30,20,-134,528,-360
back,leverage-high-row,30,20,-142,580,-338
back,leverage-high-row,30,20,-192,605,-304
back,leverage-high-row,30,20,-189,684,-170
back,leverage-high-row,30,20,-173,817,-255
back,leverage-high-row,30,20,-176,853,-303
back,leverage-high-row,30,20,-278,814,-417
back,leverage-high-row,30,20,-323,971,-566
back,leverage-high-row,30,20,-356,1001,-352
back,leverage-high-row,30,20,-396,1020,-347
back,leverage-high-row,30,20,-449,1083,-286
back,leverage-high-row,30,20,-464,1144,-555
back,leverage-high-row,30,20,-464,1128,-400
back,leverage-high-row,30,20,-512,1176,-416
back,leverage-high-row,30,20,-574,1207,-447
back,leverage-high-row,30,20,-584,1231,-456
back,leverage-high-row,30,20,-584,1239,-449
back,leverage-high-row,30,20,-577,1211,-543
back,leverage-high-row,30,20,-555,1172,-559
back,leverage-high-row,30,20,-559,1189,-693
back,leverage-high-row,30,20,-526,1206,-535
back,leverage-high-row,30,20,-507,1161,-551
back,leverage-high-row,30,20,-445,1139,-514
back,leverage-high-row,30,20,-400,1187,-510
back,leverage-high-row,30,20,-392,1132,-518
back,leverage-high-row,30,20,-362,1094,-526
back,leverage-high-row,30,20,-305,1094,-504
back,leverage-high-row,30,20,-259,1067,-570
back,leverage-high-row,30,20,-254,1062,-555
back,leverage-high-row,30,20,-256,1059,-514
back,leverage-high-row,30,20,-240,1056,-525
back,leverage-high-row,30,20,-212,1036,-536
back,leverage-high-row,30,20,-205,1039,-521
back,leverage-high-row,30,20,-213,1038,-502
back,leverage-high-row,30,20,-188,1037,-538
back,leverage-high-row,30,20,-164,1022,-447
back,leverage-high-row,30,20,-143,1060,-443
back,leverage-high-row,30,20,-103,1075,-553
back,leverage-high-row,30,20,-96,1012,-560
back,leverage-high-row,30,20,-143,1003,-532
back,leverage-high-row,30,20,-180,1054,-487
back,leverage-high-row,30,20,-145,1066,-394
back,leverage-high-row,30,20,-76,1055,-366
back,leverage-high-row,30,20,-48,1061,-431
back,leverage-high-row,30,20,-82,1019,-495
back,leverage-high-row,30,20,-145,972,-500
back,leverage-high-row,30,20,-152,1000,-416
back,leverage-high-row,30,20,-120,1013,-431
back,leverage-high-row,30,20,-112,1008,-467
back,leverage-high-row,30,20,-184,997,-395
back,leverage-high-row,30,20,-224,968,-382
back,leverage-high-row,30,20,-236,968,-400
back,leverage-high-row,30,20,-274,977,-452
back,leverage-high-row,30,20,-275,1005,-379
back,leverage-high-row,30,20,-265,985,-388
back,leverage-high-row,30,20,-313,956,-501
back,leverage-high-row,30,20,-359,968,-455
back,leverage-high-row,30,20,-347,920,-499
back,leverage-high-row,30,20,-321,919,-492
back,leverage-high-row,30,20,-400,914,-288
back,leverage-high-row,30,20,-478,928,-532
back,leverage-high-row,30,20,-453,826,-469
back,leverage-high-row,30,20,-401,857,-404
back,leverage-high-row,30,20,-448,904,-280
back,leverage-high-row,30,20,-512,816,-408
back,leverage-high-row,30,20,-380,808,-330
back,leverage-high-row,30,20,-399,808,-214
back,leverage-high-row,30,20,-519,853,-461
back,leverage-high-row,30,20,-484,768,-655
back,leverage-high-row,30,20,-437,817,-444
back,leverage-high-row,30,20,-481,831,-388
back,leverage-high-row,30,20,-502,784,-507
back,leverage-high-row,30,20,-457,723,-488
back,leverage-high-row,30,20,-428,686,-278
back,leverage-high-row,30,20,-449,756,-321
back,leverage-high-row,30,20,-530,664,-394
back,leverage-high-row,30,20,-516,644,-402
back,leverage-high-row,30,20,-457,660,-347
back,leverage-high-row,30,20,-480,653,-334
back,leverage-high-row,30,20,-535,626,-453
back,leverage-high-row,30,20,-530,659,-428
back,leverage-high-row,30,20,-552,622,-381
back,leverage-high-row,30,20,-573,612,-396
back,leverage-high-row,30,20,-566,624,-388
back,leverage-high-row,30,20,-584,586,-400
back,leverage-high-row,30,20,-600,616,-370
back,leverage-high-row,30,20,-587,660,-354
back,leverage-high-row,30,20,-589,634,-394
back,leverage-high-row,30,20,-621,575,-424
back,leverage-high-row,30,20,-616,580,-396
back,leverage-high-row,30,20,-584,612,-356
back,leverage-high-row,30,20,-580,575,-363
back,leverage-high-row,30,20,-598,550,-362
back,leverage-high-row,30,20,-596,588,-371
back,leverage-high-row,30,20,-562,584,-389
back,leverage-high-row,30,20,-549,539,-323
back,leverage-high-row,30,20,-538,550,-328
back,leverage-high-row,30,20,-525,552,-418
back,leverage-high-row,30,20,-528,531,-348
back,leverage-high-row,30,20,-532,518,-312
back,leverage-high-row,30,20,-493,505,-377
back,leverage-high-row,30,20,-458,480,-364
back,leverage-high-row,30,20,-448,460,-252
back,leverage-high-row,30,20,-459,470,-247
back,leverage-high-row,30,20,-403,467,-359
back,leverage-high-row,30,20,-356,474,-362
back,leverage-high-row,30,20,-373,453,-267
back,leverage-high-row,30,20,-352,479,-291
back,leverage-high-row,30,20,-297,471,-345
back,leverage-high-row,30,20,-254,460,-280
back,leverage-high-row,30,20,-303,432,-165
back,leverage-high-row,30,20,-284,518,-307
back,leverage-high-row,30,20,-223,503,-348
back,leverage-high-row,30,20,-202,631,-265
back,leverage-high-row,30,20,-272,600,-312
back,leverage-high-row,30,20,-296,584,-352
back,leverage-high-row,30,20,-257,654,-321
back,leverage-high-row,30,20,-241,671,-297
back,leverage-high-row,30,20,-285,761,-371
back,leverage-high-row,30,20,-332,848,-427
back,leverage-high-row,30,20,-372,806,-446
back,leverage-high-row,30,20,-383,898,-434
back,leverage-high-row,30,20,-391,919,-296
back,leverage-high-row,30,20,-419,960,-599
back,leverage-high-row,30,20,-483,955,-358
back,leverage-high-row,30,20,-502,1022,-491
back,leverage-high-row,30,20,-479,1034,-532
back,leverage-high-row,30,20,-478,1068,-449
back,leverage-high-row,30,20,-498,1074,-506
back,leverage-high-row,30,20,-527,1066,-484
back,leverage-high-row,30,20,-558,1114,-503
back,leverage-high-row,30,20,-552,1087,-477
back,leverage-high-row,30,20,-539,1075,-524
back,leverage-high-row,30,20,-536,1090,-580
back,leverage-high-row,30,20,-546,1047,-552
back,leverage-high-row,30,20,-562,1078,-533
back,leverage-high-row,30,20,-554,1125,-513
back,leverage-high-row,30,20,-513,1061,-487
back,leverage-high-row,30,20,-436,1060,-454
back,leverage-high-row,30,20,-371,1083,-490
back,leverage-high-row,30,20,-372,1048,-504
back,leverage-high-row,30,20,-392,1051,-591
back,leverage-high-row,30,20,-366,1046,-632
back,leverage-high-row,30,20,-332,1002,-478
back,leverage-high-row,30,20,-338,997,-485
back,leverage-high-row,30,20,-346,1016,-555
back,leverage-high-row,30,20,-324,1013,-475
back,leverage-high-row,30,20,-289,1005,-408
back,leverage-high-row,30,20,-275,1003,-500
back,leverage-high-row,30,20,-293,1024,-568
back,leverage-high-row,30,20,-286,1044,-563
back,leverage-high-row,30,20,-282,1009,-595
back,leverage-high-row,30,20,-290,1000,-668
back,leverage-high-row,30,20,-300,1032,-546
back,leverage-high-row,30,20,-307,1047,-467
back,leverage-high-row,30,20,-286,1013,-436
back,leverage-high-row,30,20,-276,1010,-467
back,leverage-high-row,30,20,-253,1045,-409
back,leverage-high-row,30,20,-245,993,-429
back,leverage-high-row,30,20,-273,1000,-489
back,leverage-high-row,30,20,-282,997,-391
back,leverage-high-row,30,20,-295,980,-459
back,leverage-high-row,30,20,-281,1022,-562
back,leverage-high-row,30,20,-298,998,-373
back,leverage-high-row,30,20,-344,960,-482
back,leverage-high-row,30,20,-344,960,-536
back,leverage-high-row,30,20,-336,1048,-392
back,leverage-high-row,30,20,-359,932,-392
back,leverage-high-row,30,20,-368,844,-438
back,leverage-high-row,30,20,-383,1011,-455
back,leverage-high-row,30,20,-413,973,-420
back,leverage-high-row,30,20,-395,897,-487
back,leverage-high-row,30,20,-420,881,-363
back,leverage-high-row,30,20,-458,941,-310
back,leverage-high-row,30,20,-451,919,-544
back,leverage-high-row,30,20,-455,814,-429
back,leverage-high-row,30,20,-481,881,-481
back,leverage-high-row,30,20,-488,885,-591
back,leverage-high-row,30,20,-512,777,-459
back,leverage-high-row,30,20,-526,773,-426
back,leverage-high-row,30,20,-488,858,-409
back,leverage-high-row,30,20,-489,827,-456
back,leverage-high-row,30,20,-528,768,-448
back,leverage-high-row,30,20,-497,773,-427
back,leverage-high-row,30,20,-477,784,-449
back,leverage-high-row,30,20,-520,730,-424
back,leverage-high-row,30,20,-539,686,-395
back,leverage-high-row,30,20,-457,694,-443
back,leverage-high-row,30,20,-418,682,-435
back,leverage-high-row,30,20,-492,673,-335
back,leverage-high-row,30,20,-544,638,-309
back,leverage-high-row,30,20,-476,620,-356
back,leverage-high-row,30,20,-408,609,-357
back,leverage-high-row,30,20,-456,594,-336
back,leverage-high-row,30,20,-537,612,-400
back,leverage-high-row,30,20,-544,595,-493
back,leverage-high-row,30,20,-522,579,-461
back,leverage-high-row,30,20,-564,578,-356
back,leverage-high-row,30,20,-593,571,-335
back,leverage-high-row,30,20,-565,576,-379
back,leverage-high-row,30,20,-578,571,-366
back,leverage-high-row,30,20,-599,562,-355
back,leverage-high-row,30,20,-549,563,-418
back,leverage-high-row,30,20,-533,544,-394
back,leverage-high-row,30,20,-572,512,-318
back,leverage-high-row,30,20,-573,497,-350
back,leverage-high-row,30,20,-533,526,-400
back,leverage-high-row,30,20,-526,511,-391
back,leverage-high-row,30,20,-549,477,-359
back,leverage-high-row,30,20,-529,502,-384
back,leverage-high-row,30,20,-490,483,-333
back,leverage-high-row,30,20,-501,451,-305
back,leverage-high-row,30,20,-468,471,-244
back,leverage-high-row,30,20,-422,461,-215
back,leverage-high-row,30,20,-401,414,-310
back,leverage-high-row,30,20,-415,378,-272
back,leverage-high-row,30,20,-376,439,-281
back,leverage-high-row,30,20,-328,385,-367
back,leverage-high-row,30,20,-258,384,-259
back,leverage-high-row,30,20,-248,430,-332
back,leverage-high-row,30,20,-300,432,-314
back,leverage-high-row,30,20,-289,447,-232
back,leverage-high-row,30,20,-202,448,-260
back,leverage-high-row,30,20,-157,497,-313
back,leverage-high-row,30,20,-213,524,-190
back,leverage-high-row,30,20,-257,535,-395
back,leverage-high-row,30,20,-231,614,-329
back,leverage-high-row,30,20,-180,651,-329
back,leverage-high-row,30,20,-174,737,-361
back,leverage-high-row,30,20,-255,802,-459
back,leverage-high-row,30,20,-315,828,-476
back,leverage-high-row,30,20,-322,895,-403
back,leverage-high-row,30,20,-337,976,-421
back,leverage-high-row,30,20,-376,1011,-521
back,leverage-high-row,30,20,-455,1084,-423
back,leverage-high-row,30,20,-513,1130,-454
back,leverage-high-row,30,20,-523,1096,-453
back,leverage-high-row,30,20,-506,1105,-526
back,leverage-high-row,30,20,-501,1156,-549
back,leverage-high-row,30,20,-571,1172,-445
back,leverage-high-row,30,20,-650,1172,-517
back,leverage-high-row,30,20,-622,1159,-582
back,leverage-high-row,30,20,-528,1160,-532
back,leverage-high-row,30,20,-484,1157,-570
back,leverage-high-row,30,20,-529,1095,-580
back,leverage-high-row,30,20,-583,1080,-539
back,leverage-high-row,30,20,-528,1123,-549
back,leverage-high-row,30,20,-385,1128,-518
back,leverage-high-row,30,20,-304,1110,-483
back,leverage-high-row,30,20,-327,1080,-563
back,leverage-high-row,30,20,-376,1075,-691
back,leverage-high-row,30,20,-369,1064,-608
back,leverage-high-row,30,20,-305,1059,-485
back,leverage-high-row,30,20,-277,1039,-584
back,leverage-high-row,30,20,-280,1029,-626
back,leverage-high-row,30,20,-260,1044,-528
back,leverage-high-row,30,20,-277,997,-584
back,leverage-high-row,30,20,-281,1045,-661
back,leverage-high-row,30,20,-205,1065,-509
back,leverage-high-row,30,20,-124,1064,-461
back,leverage-high-row,30,20,-153,1025,-657
back,leverage-high-row,30,20,-207,1045,-704
back,leverage-high-row,30,20,-192,1130,-632
back,leverage-high-row,30,20,-123,1074,-508
back,leverage-high-row,30,20,-74,1011,-627
back,leverage-high-row,30,20,-101,1052,-549
back,leverage-high-row,30,20,-192,968,-341
back,leverage-high-row,30,20,-208,984,-504
back,leverage-high-row,30,20,-96,1080,-608
back,leverage-high-row,30,20,-26,1103,-336
back,leverage-high-row,30,20,-77,982,-343
back,leverage-high-row,30,20,-177,1006,-538
back,leverage-high-row,30,20,-206,1008,-450
back,leverage-high-row,30,20,-165,1072,-561
back,leverage-high-row,30,20,-146,1010,-506
back,leverage-high-row,30,20,-199,1034,-455
back,leverage-high-row,30,20,-268,940,-495
back,leverage-high-row,30,20,-339,900,-406
back,leverage-high-row,30,20,-377,1068,-498
back,leverage-high-row,30,20,-328,1007,-491
back,leverage-high-row,30,20,-324,988,-589
back,leverage-high-row,30,20,-422,974,-524
back,leverage-high-row,30,20,-496,962,-585
back,leverage-high-row,30,20,-451,888,-451
back,leverage-high-row,30,20,-397,921,-392
back,leverage-high-row,30,20,-447,915,-463
back,leverage-high-row,30,20,-526,835,-491
back,leverage-high-row,30,20,-498,874,-468
back,leverage-high-row,30,20,-426,901,-489
back,leverage-high-row,30,20,-465,819,-531
back,leverage-high-row,30,20,-525,822,-535
back,leverage-high-row,30,20,-476,873,-481
back,leverage-high-row,30,20,-457,772,-452
back,leverage-high-row,30,20,-488,744,-476
back,leverage-high-row,30,20,-473,785,-503
back,leverage-high-row,30,20,-430,726,-439
back,leverage-high-row,30,20,-404,689,-348
back,leverage-high-row,30,20,-442,656,-379
back,leverage-high-row,30,20,-469,634,-471
back,leverage-high-row,30,20,-400,660,-509
back,leverage-high-row,30,20,-371,605,-379
back,leverage-high-row,30,20,-454,494,-330
back,leverage-high-row,30,20,-478,549,-427
back,leverage-high-row,30,20,-421,571,-378
back,leverage-high-row,30,20,-401,533,-348
back,leverage-high-row,30,20,-462,492,-411
back,leverage-high-row,30,20,-448,566,-438
back,leverage-high-row,30,20,-424,555,-403
back,leverage-high-row,30,20,-445,526,-306
back,leverage-high-row,30,20,-522,489,-337
back,leverage-high-row,30,20,-495,500,-432
back,leverage-high-row,30,20,-495,518,-354
back,leverage-high-row,30,20,-537,507,-372
back,leverage-high-row,30,20,-541,526,-402
back,leverage-high-row,30,20,-521,516,-415
back,leverage-high-row,30,20,-541,558,-403
back,leverage-high-row,30,20,-604,536,-333
back,leverage-high-row,30,20,-535,535,-441
back,leverage-high-row,30,20,-504,504,-471
back,leverage-high-row,30,20,-504,504,-409
back,leverage-high-row,30,20,-527,504,-431
back,leverage-high-row,30,20,-452,489,-379
back,leverage-high-row,30,20,-426,428,-361
back,leverage-high-row,30,20,-402,424,-375
back,leverage-high-row,30,20,-343,388,-305
back,leverage-high-row,30,20,-322,405,-289
back,leverage-high-row,30,20,-300,388,-206
back,leverage-high-row,30,20,-243,377,-205
back,leverage-high-row,30,20,-239,402,-319
back,leverage-high-row,30,20,-227,452,-287
back,leverage-high-row,30,20,-193,452,-334
back,leverage-high-row,30,20,-142,508,-358
back,leverage-high-row,30,20,-163,557,-325
back,leverage-high-row,30,20,-193,602,-301
back,leverage-high-row,30,20,-206,594,-274
back,leverage-high-row,30,20,-197,676,-378
back,leverage-high-row,30,20,-224,667,-358
back,leverage-high-row,30,20,-240,773,-453
back,leverage-high-row,30,20,-230,858,-484
back,leverage-high-row,30,20,-272,931,-446
back,leverage-high-row,30,20,-373,995,-459
back,leverage-high-row,30,20,-428,1004,-476
back,leverage-high-row,30,20,-432,1047,-471
back,leverage-high-row,30,20,-432,1076,-452
back,leverage-high-row,30,20,-460,1116,-512
back,leverage-high-row,30,20,-530,1191,-534
back,leverage-high-row,30,20,-558,1234,-532
back,leverage-high-row,30,20,-532,1168,-500
back,leverage-high-row,30,20,-531,1140,-529
back,leverage-high-row,30,20,-530,1211,-648
back,leverage-high-row,30,20,-520,1162,-534
back,leverage-high-row,30,20,-491,1204,-573
back,leverage-high-row,30,20,-418,1202,-610
back,leverage-high-row,30,20,-386,1157,-540
back,leverage-high-row,30,20,-398,1137,-509
back,leverage-high-row,30,20,-346,1120,-657
back,leverage-high-row,30,20,-255,1154,-680
back,leverage-high-row,30,20,-194,1126,-674
back,leverage-high-row,30,20,-150,1089,-645
back,leverage-high-row,30,20,-157,1064,-615
back,leverage-high-row,30,20,-195,1058,-636
back,leverage-high-row,30,20,-132,1040,-583
back,leverage-high-row,30,20,-116,1082,-440
back,leverage-high-row,30,20,-135,1090,-603
back,leverage-high-row,30,20,-124,1052,-750
back,leverage-high-row,30,20,-90,1080,-488
back,leverage-high-row,30,20,-109,994,-646
back,leverage-high-row,30,20,-70,1026,-605
back,leverage-high-row,30,20,-32,1063,-392
back,leverage-high-row,30,20,-24,1040,-672
back,leverage-high-row,30,20,-16,1000,-576
back,leverage-high-row,30,20,-39,1085,-444
back,leverage-high-row,30,20,-55,989,-607
back,leverage-high-row,30,20,-34,984,-512
back,leverage-high-row,30,20,4,1108,-424
back,leverage-high-row,30,20,22,1063,-559
back,leverage-high-row,30,20,3,1000,-555
back,leverage-high-row,30,20,-27,1019,-402
back,leverage-high-row,30,20,1,1077,-483
back,leverage-high-row,30,20,34,1062,-641
back,leverage-high-row,30,20,27,1018,-507
back,leverage-high-row,30,20,-44,1014,-439
back,leverage-high-row,30,20,-94,1052,-613
back,leverage-high-row,30,20,-69,976,-537
back,leverage-high-row,30,20,-73,978,-379
back,leverage-high-row,30,20,-102,1009,-408
back,leverage-high-row,30,20,-166,989,-548
back,leverage-high-row,30,20,-218,965,-484
back,leverage-high-row,30,20,-263,894,-342
back,leverage-high-row,30,20,-320,955,-528
back,leverage-high-row,30,20,-287,987,-667
back,leverage-high-row,30,20,-248,903,-474
back,leverage-high-row,30,20,-324,910,-381
back,leverage-high-row,30,20,-431,874,-463
back,leverage-high-row,30,20,-451,845,-546
back,leverage-high-row,30,20,-388,932,-516
back,leverage-high-row,30,20,-375,919,-452
back,leverage-high-row,30,20,-430,807,-556
back,leverage-high-row,30,20,-438,767,-594
back,leverage-high-row,30,20,-413,850,-489
back,leverage-high-row,30,20,-440,894,-464
back,leverage-high-row,30,20,-488,753,-449
back,leverage-high-row,30,20,-433,737,-534
back,leverage-high-row,30,20,-374,809,-502
back,leverage-high-row,30,20,-492,712,-322
back,leverage-high-row,30,20,-531,713,-524
back,leverage-high-row,30,20,-385,669,-463
back,leverage-high-row,30,20,-366,657,-465
back,leverage-high-row,30,20,-490,698,-339
back,leverage-high-row,30,20,-510,666,-440
back,leverage-high-row,30,20,-377,591,-493
back,leverage-high-row,30,20,-333,535,-456
back,leverage-high-row,30,20,-411,684,-353
back,leverage-high-row,30,20,-502,578,-362
back,leverage-high-row,30,20,-488,547,-389
back,leverage-high-row,30,20,-491,570,-469
back,leverage-high-row,30,20,-505,585,-387
back,leverage-high-row,30,20,-437,590,-500
back,leverage-high-row,30,20,-517,570,-436
back,leverage-high-row,30,20,-616,616,-366
back,leverage-high-row,30,20,-608,600,-314
back,leverage-high-row,30,20,-560,576,-494
back,leverage-high-row,30,20,-544,553,-457
back,leverage-high-row,30,20,-544,590,-426
back,leverage-high-row,30,20,-589,532,-327
back,leverage-high-row,30,20,-621,564,-349
back,leverage-high-row,30,20,-567,539,-423
back,leverage-high-row,30,20,-567,536,-341
back,leverage-high-row,30,20,-554,509,-362
back,leverage-high-row,30,20,-539,517,-488
back,leverage-high-row,30,20,-582,540,-375
back,leverage-high-row,30,20,-554,557,-395
back,leverage-high-row,30,20,-501,498,-458
back,leverage-high-row,30,20,-482,480,-406
back,leverage-high-row,30,20,-492,509,-337
back,leverage-high-row,30,20,-467,503,-394
back,leverage-high-row,30,20,-439,485,-396
back,leverage-high-row,30,20,-470,448,-335
back,leverage-high-row,30,20,-446,421,-386
back,leverage-high-row,30,20,-373,375,-378
back,leverage-high-row,30,20,-324,352,-293
back,leverage-high-row,30,20,-326,357,-203
back,leverage-high-row,30,20,-313,379,-224
back,leverage-high-row,30,20,-269,392,-340
back,leverage-high-row,30,20,-235,401,-391
back,leverage-high-row,30,20,-236,450,-367
back,leverage-high-row,30,20,-252,472,-404
back,leverage-high-row,30,20,-218,494,-425
back,leverage-high-row,30,20,-172,573,-322
back,leverage-high-row,30,20,-179,581,-300
back,leverage-high-row,30,20,-189,566,-423
back,leverage-high-row,30,20,-184,618,-382
back,leverage-high-row,30,20,-215,650,-215
back,leverage-high-row,30,20,-296,715,-313
back,leverage-high-row,30,20,-347,795,-432
back,leverage-high-row,30,20,-326,842,-301
back,leverage-high-row,30,20,-294,908,-380
back,leverage-high-row,30,20,-297,1044,-448
back,leverage-high-row,30,20,-373,1113,-395
back,leverage-high-row,30,20,-412,1075,-382
back,leverage-high-row,30,20,-424,1162,-455
back,leverage-high-row,30,20,-431,1143,-473
back,leverage-high-row,30,20,-456,1064,-482
back,leverage-high-row,30,20,-460,1157,-604
back,leverage-high-row,30,20,-485,1259,-476
back,leverage-high-row,30,20,-506,1227,-557
back,leverage-high-row,30,20,-462,1189,-658
back,leverage-high-row,30,20,-444,1169,-738
back,leverage-high-row,30,20,-400,1261,-667
back,leverage-high-row,30,20,-400,1219,-497
back,leverage-high-row,30,20,-401,1271,-520
back,leverage-high-row,30,20,-448,1232,-512
back,leverage-high-row,30,20,-416,1184,-464
back,leverage-high-row,30,20,-315,1215,-573
back,leverage-high-row,30,20,-190,1178,-439
back,leverage-high-row,30,20,-199,1131,-320
back,leverage-high-row,30,20,-200,1216,-684
back,leverage-high-row,30,20,-171,1145,-663
back,leverage-high-row,30,20,-175,1066,-565
back,leverage-high-row,30,20,-183,1104,-545
back,leverage-high-row,30,20,-124,1139,-477
back,leverage-high-row,30,20,-66,1144,-627
back,leverage-high-row,30,20,-81,1042,-378
back,leverage-high-row,30,20,-169,1028,-546
back,leverage-high-row,30,20,-156,1062,-634
back,leverage-high-row,30,20,-56,1090,-511
back,leverage-high-row,30,20,16,1090,-430
back,leverage-high-row,30,20,4,1105,-566
back,leverage-high-row,30,20,-30,1090,-659
back,leverage-high-row,30,20,-40,1080,-388
back,leverage-high-row,30,20,-30,1111,-408
back,leverage-high-row,30,20,-4,1074,-539
back,leverage-high-row,30,20,18,1083,-436
back,leverage-high-row,30,20,24,1121,-403
back,leverage-high-row,30,20,-7,1048,-498
back,leverage-high-row,30,20,-58,1023,-475
back,leverage-high-row,30,20,-76,1052,-428
back,leverage-high-row,30,20,-56,1048,-412
back,leverage-high-row,30,20,-59,1067,-453
back,leverage-high-row,30,20,-113,1022,-506
back,leverage-high-row,30,20,-152,1004,-476
back,leverage-high-row,30,20,-135,1073,-472
back,leverage-high-row,30,20,-125,1025,-430
back,leverage-high-row,30,20,-187,950,-411
back,leverage-high-row,30,20,-262,943,-468
back,leverage-high-row,30,20,-267,948,-421
back,leverage-high-row,30,20,-264,934,-402
back,leverage-high-row,30,20,-290,997,-467
back,leverage-high-row,30,20,-310,887,-495
back,leverage-high-row,30,20,-317,910,-556
back,leverage-high-row,30,20,-358,912,-503
back,leverage-high-row,30,20,-358,880,-603
back,leverage-high-row,30,20,-299,910,-422
back,leverage-high-row,30,20,-331,795,-375
back,leverage-high-row,30,20,-411,759,-577
back,leverage-high-row,30,20,-378,878,-393
back,leverage-high-row,30,20,-351,885,-455
back,leverage-high-row,30,20,-403,712,-513
back,leverage-high-row,30,20,-426,781,-586
back,leverage-high-row,30,20,-366,822,-584
back,leverage-high-row,30,20,-453,682,-274
back,leverage-high-row,30,20,-549,722,-472
back,leverage-high-row,30,20,-463,791,-480
back,leverage-high-row,30,20,-401,681,-480
back,leverage-high-row,30,20,-462,641,-402
back,leverage-high-row,30,20,-494,724,-430
back,leverage-high-row,30,20,-511,616,-417
back,leverage-high-row,30,20,-446,659,-350
back,leverage-high-row,30,20,-469,585,-365
back,leverage-high-row,30,20,-507,618,-494
back,leverage-high-row,30,20,-526,624,-403
back,leverage-high-row,30,20,-528,611,-337
back,leverage-high-row,30,20,-521,647,-452
back,leverage-high-row,30,20,-514,624,-569
back,leverage-high-row,30,20,-574,542,-264
back,leverage-high-row,30,20,-604,580,-385
back,leverage-high-row,30,20,-561,647,-532
back,leverage-high-row,30,20,-578,612,-331
back,leverage-high-row,30,20,-559,564,-329
back,leverage-high-row,30,20,-571,530,-455
back,leverage-high-row,30,20,-579,536,-422
back,leverage-high-row,30,20,-551,569,-399
back,leverage-high-row,30,20,-531,564,-428
back,leverage-high-row,30,20,-509,528,-383
back,leverage-high-row,30,20,-501,498,-344
back,leverage-high-row,30,20,-504,492,-326
back,leverage-high-row,30,20,-491,474,-325
back,leverage-high-row,30,20,-468,456,-369
back,leverage-high-row,30,20,-448,460,-324
back,leverage-high-row,30,20,-425,445,-317
back,leverage-high-row,30,20,-412,435,-388
back,leverage-high-row,30,20,-395,441,-352
back,leverage-high-row,30,20,-348,422,-349
back,leverage-high-row,30,20,-333,376,-249
back,leverage-high-row,30,20,-315,356,-137
back,leverage-high-row,30,20,-247,383,-305
back,leverage-high-row,30,20,-232,368,-261
back,leverage-high-row,30,20,-232,408,-208
back,leverage-high-row,30,20,-213,434,-259
back,leverage-high-row,30,20,-159,451,-373
back,leverage-high-row,30,20,-140,465,-180
back,leverage-high-row,30,20,-164,542,-207
back,leverage-high-row,30,20,-189,562,-337
back,leverage-high-row,30,20,-157,594,-325
back,leverage-high-row,30,20,-177,714,-239
back,leverage-high-row,30,20,-195,780,-545
back,leverage-high-row,30,20,-248,742,-373
back,leverage-high-row,30,20,-250,881,-491
back,leverage-high-row,30,20,-270,947,-447
back,leverage-high-row,30,20,-323,984,-379
back,leverage-high-row,30,20,-354,1075,-489
back,leverage-high-row,30,20,-377,1112,-403
back,leverage-high-row,30,20,-402,1108,-620
back,leverage-high-row,30,20,-464,1224,-736
back,leverage-high-row,30,20,-552,1072,-376
back,leverage-high-row,30,20,-560,1134,-617
back,leverage-high-row,30,20,-507,1243,-586
back,leverage-high-row,30,20,-452,1285,-621
back,leverage-high-row,30,20,-506,1149,-551
back,leverage-high-row,30,20,-562,1286,-644
back,leverage-high-row,30,20,-533,1199,-530
back,leverage-high-row,30,20,-439,1177,-724
back,leverage-high-row,30,20,-391,1129,-660
back,leverage-high-row,30,20,-410,1185,-647
back,leverage-high-row,30,20,-422,1238,-731
back,leverage-high-row,30,20,-374,1217,-783
back,leverage-high-row,30,20,-330,1075,-605
back,leverage-high-row,30,20,-379,1085,-432
back,leverage-high-row,30,20,-417,1064,-547
back,leverage-high-row,30,20,-352,1081,-653
back,leverage-high-row,30,20,-244,1009,-466
back,leverage-high-row,30,20,-224,1021,-457
back,leverage-high-row,30,20,-273,1007,-626
back,leverage-high-row,30,20,-252,979,-795
back,leverage-high-row,30,20,-171,1029,-698
back,leverage-high-row,30,20,-117,1045,-518
back,leverage-high-row,30,20,-113,1059,-638
back,leverage-high-row,30,20,-142,1071,-729
back,leverage-high-row,30,20,-210,1006,-605
back,leverage-high-row,30,20,-260,980,-520
back,leverage-high-row,30,20,-210,1069,-535
back,leverage-high-row,30,20,-111,1107,-571
back,leverage-high-row,30,20,-85,1044,-577
back,leverage-high-row,30,20,-176,1025,-561
back,leverage-high-row,30,20,-251,1077,-575
back,leverage-high-row,30,20,-177,1074,-639
back,leverage-high-row,30,20,-105,1009,-517
back,leverage-high-row,30,20,-194,1021,-285
back,leverage-high-row,30,20,-299,1029,-538
back,leverage-high-row,30,20,-256,993,-639
back,leverage-high-row,30,20,-182,871,-297
back,leverage-high-row,30,20,-218,949,-322
back,leverage-high-row,30,20,-365,998,-434
back,leverage-high-row,30,20,-440,937,-699
back,leverage-high-row,30,20,-358,872,-485
back,leverage-high-row,30,20,-260,1012,-451
back,leverage-high-row,30,20,-311,932,-363
back,leverage-high-row,30,20,-469,807,-402
back,leverage-high-row,30,20,-480,909,-532
back,leverage-high-row,30,20,-370,983,-388
back,leverage-high-row,30,20,-399,828,-365
back,leverage-high-row,30,20,-549,722,-499
back,leverage-high-row,30,20,-508,956,-538
back,leverage-high-row,30,20,-427,868,-420
back,leverage-high-row,30,20,-513,753,-533
back,leverage-high-row,30,20,-567,871,-203
back,leverage-high-row,30,20,-498,802,-480
back,leverage-high-row,30,20,-466,762,-549
back,leverage-high-row,30,20,-516,782,-209
back,leverage-high-row,30,20,-498,784,-279
back,leverage-high-row,30,20,-539,634,-374
back,leverage-high-row,30,20,-579,679,-384
back,leverage-high-row,30,20,-502,824,-398
back,leverage-high-row,30,20,-401,668,-440
back,leverage-high-row,30,20,-430,560,-344
back,leverage-high-row,30,20,-548,646,-231
back,leverage-high-row,30,20,-570,653,-369
back,leverage-high-row,30,20,-483,594,-404
back,leverage-high-row,30,20,-444,588,-359
back,leverage-high-row,30,20,-566,603,-378
back,leverage-high-row,30,20,-616,630,-464
back,leverage-high-row,30,20,-540,618,-415
back,leverage-high-row,30,20,-509,613,-397
back,leverage-high-row,30,20,-543,606,-326
back,leverage-high-row,30,20,-570,556,-295
back,leverage-high-row,30,20,-528,552,-304
back,leverage-high-row,30,20,-496,531,-332
back,leverage-high-row,30,20,-496,513,-370
back,leverage-high-row,30,20,-492,524,-328
back,leverage-high-row,30,20,-484,486,-305
back,leverage-high-row,30,20,-456,464,-356
back,leverage-high-row,30,20,-440,484,-357
back,leverage-high-row,30,20,-444,466,-313
back,leverage-high-row,30,20,-429,447,-268
back,leverage-high-row,30,20,-419,463,-175
back,leverage-high-row,30,20,-414,469,-221
back,leverage-high-row,30,20,-406,446,-356
back,leverage-high-row,30,20,-393,407,-292
back,leverage-high-row,30,20,-336,400,-364
back,leverage-high-row,30,20,-301,421,-393
back,leverage-high-row,30,20,-289,405,-307
back,leverage-high-row,30,20,-254,353,-260
back,leverage-high-row,30,20,-204,380,-187
back,leverage-high-row,30,20,-184,404,-246
back,leverage-high-row,30,20,-162,449,-250
back,leverage-high-row,30,20,-161,480,-243
back,leverage-high-row,30,20,-127,507,-401
back,leverage-high-row,30,20,-104,612,-383
back,leverage-high-row,30,20,-185,568,-462
back,leverage-high-row,30,20,-190,677,-454
back,leverage-high-row,30,20,-171,768,-177
back,leverage-high-row,30,20,-130,777,-263
back,leverage-high-row,30,20,-164,880,-422
back,leverage-high-row,30,20,-325,992,-509
back,leverage-high-row,30,20,-415,987,-598
back,leverage-high-row,30,20,-368,1080,-528
back,leverage-high-row,30,20,-344,1096,-272
back,leverage-high-row,30,20,-406,1119,-513
back,leverage-high-row,30,20,-522,1173,-505
back,leverage-high-row,30,20,-535,1236,-415
back,leverage-high-row,30,20,-478,1269,-627
back,leverage-high-row,30,20,-472,1236,-605
back,leverage-high-row,30,20,-507,1323,-572
back,leverage-high-row,30,20,-519,1336,-582
back,leverage-high-row,30,20,-513,1289,-644
back,leverage-high-row,30,20,-466,1221,-767
back,leverage-high-row,30,20,-418,1310,-506
back,leverage-high-row,30,20,-396,1243,-537
back,leverage-high-row,30,20,-380,1198,-785
back,leverage-high-row,30,20,-388,1204,-662
back,leverage-high-row,30,20,-392,1122,-529
back,leverage-high-row,30,20,-353,1127,-571
back,leverage-high-row,30,20,-276,1095,-708
back,leverage-high-row,30,20,-259,1056,-671
back,leverage-high-row,30,20,-239,1089,-553
back,leverage-high-row,30,20,-194,1087,-468
back,leverage-high-row,30,20,-195,1105,-708
back,leverage-high-row,30,20,-208,1082,-758
back,leverage-high-row,30,20,-177,1035,-601
back,leverage-high-row,30,20,-143,1054,-621
back,leverage-high-row,30,20,-111,1105,-655
back,leverage-high-row,30,20,-72,1096,-584
back,leverage-high-row,30,20,-48,1060,-498
back,leverage-high-row,30,20,-81,1049,-456
back,leverage-high-row,30,20,-156,1058,-544
back,leverage-high-row,30,20,-162,1097,-616
back,leverage-high-row,30,20,-78,1104,-557
back,leverage-high-row,30,20,-16,1074,-555
back,leverage-high-row,30,20,-45,1076,-554
back,leverage-high-row,30,20,-118,1085,-528
back,leverage-high-row,30,20,-144,1080,-548
back,leverage-high-row,30,20,-88,1093,-675
back,leverage-high-row,30,20,-52,1016,-577
back,leverage-high-row,30,20,-157,940,-258
back,leverage-high-row,30,20,-304,1003,-460
back,leverage-high-row,30,20,-268,1129,-686
back,leverage-high-row,30,20,-131,1017,-520
back,leverage-high-row,30,20,-101,995,-369
back,leverage-high-row,30,20,-216,1007,-515
back,leverage-high-row,30,20,-342,996,-546
back,leverage-high-row,30,20,-360,984,-627
back,leverage-high-row,30,20,-237,1035,-483
back,leverage-high-row,30,20,-155,983,-504
back,leverage-high-row,30,20,-285,886,-501
back,leverage-high-row,30,20,-454,858,-455
back,leverage-high-row,30,20,-420,890,-435
back,leverage-high-row,30,20,-272,967,-528
back,leverage-high-row,30,20,-272,857,-512
back,leverage-high-row,30,20,-412,724,-318
back,leverage-high-row,30,20,-439,933,-548
back,leverage-high-row,30,20,-358,855,-627
back,leverage-high-row,30,20,-345,644,-311
back,leverage-high-row,30,20,-423,738,-444
back,leverage-high-row,30,20,-411,801,-464
back,leverage-high-row,30,20,-422,692,-478
back,leverage-high-row,30,20,-464,725,-253
back,leverage-high-row,30,20,-426,697,-442
back,leverage-high-row,30,20,-302,777,-502
back,leverage-high-row,30,20,-433,639,-225
back,leverage-high-row,30,20,-546,598,-337
back,leverage-high-row,30,20,-474,629,-400
back,leverage-high-row,30,20,-394,646,-526
back,leverage-high-row,30,20,-421,603,-515
back,leverage-high-row,30,20,-537,562,-380
back,leverage-high-row,30,20,-558,599,-428
back,leverage-high-row,30,20,-503,634,-439
back,leverage-high-row,30,20,-515,605,-381
back,leverage-high-row,30,20,-555,541,-327
back,leverage-high-row,30,20,-545,544,-364
back,leverage-high-row,30,20,-524,568,-350
back,leverage-high-row,30,20,-520,572,-369
back,leverage-high-row,30,20,-491,555,-391
back,leverage-high-row,30,20,-464,512,-352
back,leverage-high-row,30,20,-479,488,-371
back,leverage-high-row,30,20,-481,484,-367
back,leverage-high-row,30,20,-453,438,-339
back,leverage-high-row,30,20,-430,387,-298
back,leverage-high-row,30,20,-422,398,-272
back,leverage-high-row,30,20,-444,420,-304
back,leverage-high-row,30,20,-441,425,-286
back,leverage-high-row,30,20,-381,408,-321
back,leverage-high-row,30,20,-339,406,-229
back,leverage-high-row,30,20,-313,373,-265
back,leverage-high-row,30,20,-266,370,-326
back,leverage-high-row,30,20,-213,351,-227
back,leverage-high-row,30,20,-160,370,-159
back,leverage-high-row,30,20,-153,327,-117
back,leverage-high-row,30,20,-136,420,-313
back,leverage-high-row,30,20,-167,470,-253
back,leverage-high-row,30,20,-157,499,-247
back,leverage-high-row,30,20,-138,539,-301
back,leverage-high-row,30,20,-107,694,-414
back,leverage-high-row,30,20,-130,684,-353
back,leverage-high-row,30,20,-148,724,-413
back,leverage-high-row,30,20,-194,776,-298
back,leverage-high-row,30,20,-226,890,-320
back,leverage-high-row,30,20,-265,937,-330
back,leverage-high-row,30,20,-312,984,-408
back,leverage-high-row,30,20,-384,1112,-424
back,leverage-high-row,30,20,-454,1104,-308
back,leverage-high-row,30,20,-494,1165,-464
back,leverage-high-row,30,20,-511,1272,-457
back,leverage-high-row,30,20,-570,1200,-412
back,leverage-high-row,30,20,-612,1242,-608
back,leverage-high-row,30,20,-644,1248,-423
back,leverage-high-row,30,20,-634,1248,-365
back,leverage-high-row,30,20,-619,1275,-653
back,leverage-high-row,30,20,-596,1254,-523
back,leverage-high-row,30,20,-598,1273,-677
back,leverage-high-row,30,20,-563,1181,-542
back,leverage-high-row,30,20,-546,1255,-657
back,leverage-high-row,30,20,-526,1229,-600
back,leverage-high-row,30,20,-549,1099,-554
back,leverage-high-row,30,20,-515,1195,-680
back,leverage-high-row,30,20,-420,1164,-568
back,leverage-high-row,30,20,-363,1083,-551
back,leverage-high-row,30,20,-388,1115,-548
back,leverage-high-row,30,20,-403,1104,-592
back,leverage-high-row,30,20,-338,1075,-618
back,leverage-high-row,30,20,-236,1104,-557
back,leverage-high-row,30,20,-214,1061,-516
back,leverage-high-row,30,20,-262,1034,-508
back,leverage-high-row,30,20,-234,1077,-633
back,leverage-high-row,30,20,-144,1096,-696
back,leverage-high-row,30,20,-85,1077,-640
back,leverage-high-row,30,20,-86,1015,-658
back,leverage-high-row,30,20,-147,1021,-581
back,leverage-high-row,30,20,-195,1105,-480
back,leverage-high-row,30,20,-152,1128,-486
back,leverage-high-row,30,20,-28,1107,-469
back,leverage-high-row,30,20,56,1066,-516
back,leverage-high-row,30,20,15,1064,-498
back,leverage-high-row,30,20,-82,1062,-424
back,leverage-high-row,30,20,-113,1024,-414
back,leverage-high-row,30,20,-78,1026,-469
back,leverage-high-row,30,20,-26,1045,-641
back,leverage-high-row,30,20,-35,1056,-474
back,leverage-high-row,30,20,-134,979,-270
back,leverage-high-row,30,20,-174,985,-590
back,leverage-high-row,30,20,-136,1096,-392
back,leverage-high-row,30,20,-144,1131,-448
back,leverage-high-row,30,20,-193,936,-248
back,leverage-high-row,30,20,-251,915,-503
back,leverage-high-row,30,20,-274,1083,-620
back,leverage-high-row,30,20,-289,972,-297
back,leverage-high-row,30,20,-309,926,-709
back,leverage-high-row,30,20,-379,898,-561
back,leverage-high-row,30,20,-429,929,-574
back,leverage-high-row,30,20,-344,960,-517
back,leverage-high-row,30,20,-296,968,-267
back,leverage-high-row,30,20,-374,875,-404
back,leverage-high-row,30,20,-460,880,-385
back,leverage-high-row,30,20,-427,880,-451
back,leverage-high-row,30,20,-344,895,-427
back,leverage-high-row,30,20,-336,775,-438
back,leverage-high-row,30,20,-420,753,-468
back,leverage-high-row,30,20,-384,827,-376
back,leverage-high-row,30,20,-376,733,-287
back,leverage-high-row,30,20,-402,738,-422
back,leverage-high-row,30,20,-395,693,-272
back,leverage-high-row,30,20,-342,680,-348
back,leverage-high-row,30,20,-400,656,-336
back,leverage-high-row,30,20,-489,654,-296
back,leverage-high-row,30,20,-466,742,-414
back,leverage-high-row,30,20,-426,665,-414
back,leverage-high-row,30,20,-459,578,-376
back,leverage-high-row,30,20,-506,618,-336
back,leverage-high-row,30,20,-510,617,-284
back,leverage-high-row,30,20,-504,580,-254
back,leverage-high-row,30,20,-528,606,-353
back,leverage-high-row,30,20,-525,651,-452
back,leverage-high-row,30,20,-512,615,-392
back,leverage-high-row,30,20,-547,576,-350
back,leverage-high-row,30,20,-568,580,-372
back,leverage-high-row,30,20,-532,592,-364
back,leverage-high-row,30,20,-512,585,-317
back,leverage-high-row,30,20,-549,557,-280
back,leverage-high-row,30,20,-570,548,-326
back,leverage-high-row,30,20,-525,532,-367
back,leverage-high-row,30,20,-504,510,-338
back,leverage-high-row,30,20,-534,523,-316
back,leverage-high-row,30,20,-506,519,-296
back,leverage-high-row,30,20,-426,499,-266
back,leverage-high-row,30,20,-418,478,-229
back,leverage-high-row,30,20,-456,461,-279
back,leverage-high-row,30,20,-426,458,-335
back,leverage-high-row,30,20,-339,422,-375
back,leverage-high-row,30,20,-298,410,-241
back,leverage-high-row,30,20,-278,369,-286
back,leverage-high-row,30,20,-252,314,-194
back,leverage-high-row,30,20,-172,400,-266
back,leverage-high-row,30,20,-148,341,-144
back,leverage-high-row,30,20,-127,416,-197
back,leverage-high-row,30,20,-119,470,-279
back,leverage-high-row,30,20,-109,521,-332
back,leverage-high-row,30,20,-92,594,-365
back,leverage-high-row,30,20,-137,616,-332
back,leverage-high-row,30,20,-151,620,-277
back,leverage-high-row,30,20,-129,690,-377
back,leverage-high-row,30,20,-160,744,-400
back,leverage-high-row,30,20,-200,816,-280
back,leverage-high-row,30,20,-223,901,-381
back,leverage-high-row,30,20,-285,1049,-422
back,leverage-high-row,30,20,-363,1078,-379
back,leverage-high-row,30,20,-397,1182,-536
back,leverage-high-row,30,20,-436,1128,-538
back,leverage-high-row,30,20,-503,1225,-648
back,leverage-high-row,30,20,-498,1199,-684
back,leverage-high-row,30,20,-463,1239,-621
back,leverage-high-row,30,20,-528,1294,-595
back,leverage-high-row,30,20,-582,1221,-706
back,leverage-high-row,30,20,-542,1200,-593
back,leverage-high-row,30,20,-510,1134,-504
back,leverage-high-row,30,20,-469,1218,-629
back,leverage-high-row,30,20,-427,1256,-703
back,leverage-high-row,30,20,-399,1117,-718
back,leverage-high-row,30,20,-430,1078,-807
back,leverage-high-row,30,20,-437,1183,-748
back,leverage-high-row,30,20,-396,1110,-507
back,leverage-high-row,30,20,-346,1089,-593
back,leverage-high-row,30,20,-314,1168,-793
back,leverage-high-row,30,20,-290,1098,-681
back,leverage-high-row,30,20,-302,1028,-515
back,leverage-high-row,30,20,-307,1041,-579
back,leverage-high-row,30,20,-271,1027,-668
back,leverage-high-row,30,20,-248,1020,-620
back,leverage-high-row,30,20,-252,1024,-626
back,leverage-high-row,30,20,-238,1001,-732
back,leverage-high-row,30,20,-205,1030,-660
back,leverage-high-row,30,20,-162,1071,-592
back,leverage-high-row,30,20,-130,1019,-696
back,leverage-high-row,30,20,-156,985,-623
back,leverage-high-row,30,20,-173,1012,-617
back,leverage-high-row,30,20,-160,1021,-670
back,leverage-high-row,30,20,-126,1021,-593
back,leverage-high-row,30,20,-83,1059,-609
back,leverage-high-row,30,20,-81,1023,-422
back,leverage-high-row,30,20,-106,973,-657
back,leverage-high-row,30,20,-112,1012,-635
back,leverage-high-row,30,20,-119,1020,-462
back,leverage-high-row,30,20,-134,1005,-617
back,leverage-high-row,30,20,-96,1005,-654
back,leverage-high-row,30,20,-108,1036,-400
back,leverage-high-row,30,20,-175,904,-445
back,leverage-high-row,30,20,-215,963,-699
back,leverage-high-row,30,20,-204,1024,-641
back,leverage-high-row,30,20,-170,900,-449
back,leverage-high-row,30,20,-193,946,-461
back,leverage-high-row,30,20,-203,974,-527
back,leverage-high-row,30,20,-258,946,-515
back,leverage-high-row,30,20,-328,1007,-606
back,leverage-high-row,30,20,-328,865,-402
back,leverage-high-row,30,20,-297,864,-532
back,leverage-high-row,30,20,-334,925,-559
back,leverage-high-row,30,20,-403,980,-538
back,leverage-high-row,30,20,-357,904,-441
back,leverage-high-row,30,20,-352,803,-446
back,leverage-high-row,30,20,-387,890,-420
back,leverage-high-row,30,20,-433,849,-532
back,leverage-high-row,30,20,-387,787,-452
back,leverage-high-row,30,20,-402,730,-543
back,leverage-high-row,30,20,-402,822,-498
back,leverage-high-row,30,20,-350,792,-474
back,leverage-high-row,30,20,-390,758,-321
back,leverage-high-row,30,20,-473,740,-337
back,leverage-high-row,30,20,-444,696,-423
back,leverage-high-row,30,20,-329,758,-509
back,leverage-high-row,30,20,-391,684,-390
back,leverage-high-row,30,20,-482,669,-394
back,leverage-high-row,30,20,-438,688,-437
back,leverage-high-row,30,20,-405,668,-475
back,leverage-high-row,30,20,-485,618,-405
back,leverage-high-row,30,20,-490,620,-400
back,leverage-high-row,30,20,-416,636,-422
back,leverage-high-row,30,20,-419,645,-378
back,leverage-high-row,30,20,-494,619,-406
back,leverage-high-row,30,20,-504,584,-408
back,leverage-high-row,30,20,-487,572,-398
back,leverage-high-row,30,20,-511,564,-436
back,leverage-high-row,30,20,-513,600,-397
back,leverage-high-row,30,20,-487,613,-372
back,leverage-high-row,30,20,-464,550,-400
back,leverage-high-row,30,20,-476,524,-366
back,leverage-high-row,30,20,-481,532,-335
back,leverage-high-row,30,20,-437,498,-376
back,leverage-high-row,30,20,-403,480,-348
back,leverage-high-row,30,20,-418,491,-276
back,leverage-high-row,30,20,-424,464,-268
back,leverage-high-row,30,20,-378,418,-343
back,leverage-high-row,30,20,-374,410,-361
back,leverage-high-row,30,20,-403,438,-225
back,leverage-high-row,30,20,-348,429,-269
back,leverage-high-row,30,20,-303,415,-316
back,leverage-high-row,30,20,-289,404,-295
back,leverage-high-row,30,20,-255,366,-282
back,leverage-high-row,30,20,-243,285,-249
back,leverage-high-row,30,20,-207,429,-258
back,leverage-high-row,30,20,-199,411,-268
back,leverage-high-row,30,20,-194,444,-232
back,leverage-high-row,30,20,-224,506,-335
back,leverage-high-row,30,20,-225,553,-317
back,leverage-high-row,30,20,-256,600,-208
back,leverage-high-row,30,20,-240,680,-400
back,leverage-high-row,30,20,-248,765,-485
back,leverage-high-row,30,20,-294,730,-465
back,leverage-high-row,30,20,-296,765,-248
back,leverage-high-row,30,20,-274,856,-465
back,leverage-high-row,30,20,-258,928,-502
back,leverage-high-row,30,20,-333,908,-364
back,leverage-high-row,30,20,-378,965,-542
back,leverage-high-row,30,20,-404,1043,-496
back,leverage-high-row,30,20,-428,1017,-545
back,leverage-high-row,30,20,-457,1021,-319
back,leverage-high-row,30,20,-452,1098,-392
back,leverage-high-row,30,20,-442,1138,-438
back,leverage-high-row,30,20,-475,1203,-146
back,leverage-high-row,30,20,-517,1247,-155
back,leverage-high-row,30,20,-500,1250,-679
back,leverage-high-row,30,20,-483,1216,-883
back,leverage-high-row,30,20,-517,1237,-738
back,leverage-high-row,30,20,-567,1210,-623
back,leverage-high-row,30,20,-525,1179,-432
back,leverage-high-row,30,20,-435,1276,-366
back,leverage-high-row,30,20,-372,1288,-457
back,leverage-high-row,30,20,-406,1221,-517
back,leverage-high-row,30,20,-465,1187,-541
back,leverage-high-row,30,20,-393,1126,-589
back,leverage-high-row,30,20,-272,1092,-640
back,leverage-high-row,30,20,-290,1108,-579
back,leverage-high-row,30,20,-374,1101,-596
back,leverage-high-row,30,20,-340,1102,-641
back,leverage-high-row,30,20,-244,1086,-491
back,leverage-high-row,30,20,-261,1063,-414
back,leverage-high-row,30,20,-346,1096,-543
back,leverage-high-row,30,20,-321,1076,-669
back,leverage-high-row,30,20,-199,1029,-519
back,leverage-high-row,30,20,-201,1011,-484
back,leverage-high-row,30,20,-311,1038,-593
back,leverage-high-row,30,20,-287,1083,-638
back,leverage-high-row,30,20,-156,1097,-459
back,leverage-high-row,30,20,-88,1146,-467
back,leverage-high-row,30,20,-128,1075,-614
back,leverage-high-row,30,20,-196,1069,-608
back,leverage-high-row,30,20,-221,1132,-423
back,leverage-high-row,30,20,-123,1161,-555
back,leverage-high-row,30,20,-69,1046,-521
back,leverage-high-row,30,20,-156,1036,-470
back,leverage-high-row,30,20,-236,1062,-388
back,leverage-high-row,30,20,-196,1057,-312
back,leverage-high-row,30,20,-152,1143,-545
back,leverage-high-row,30,20,-156,1025,-340
back,leverage-high-row,30,20,-226,1046,-277
back,leverage-high-row,30,20,-296,969,-440
back,leverage-high-row,30,20,-280,1087,-480
back,leverage-high-row,30,20,-241,1104,-410
back,leverage-high-row,30,20,-278,807,-263
back,leverage-high-row,30,20,-377,911,-390
back,leverage-high-row,30,20,-377,1226,-524
back,leverage-high-row,30,20,-376,906,-379
back,leverage-high-row,30,20,-341,885,-486
back,leverage-high-row,30,20,-343,1175,-333
back,leverage-high-row,30,20,-377,997,-564
back,leverage-high-row,30,20,-384,783,-570
back,leverage-high-row,30,20,-390,865,-255
back,leverage-high-row,30,20,-355,933,-511
back,leverage-high-row,30,20,-332,841,-481
back,leverage-high-row,30,20,-346,837,-364
back,leverage-high-row,30,20,-358,796,-244
back,leverage-high-row,30,20,-416,731,-303
back,leverage-high-row,30,20,-435,669,-485
back,leverage-high-row,30,20,-379,769,-468
back,leverage-high-row,30,20,-408,761,-297
back,leverage-high-row,30,20,-494,690,-234
back,leverage-high-row,30,20,-518,734,-312
back,leverage-high-row,30,20,-452,748,-434
back,leverage-high-row,30,20,-390,732,-461
back,leverage-high-row,30,20,-471,680,-341
back,leverage-high-row,30,20,-564,657,-302
back,leverage-high-row,30,20,-504,660,-388
back,leverage-high-row,30,20,-397,652,-405
back,leverage-high-row,30,20,-415,623,-347
back,leverage-high-row,30,20,-498,590,-333
back,leverage-high-row,30,20,-490,598,-353
back,leverage-high-row,30,20,-445,568,-338
back,leverage-high-row,30,20,-461,550,-331
back,leverage-high-row,30,20,-496,569,-353
back,leverage-high-row,30,20,-482,576,-389
back,leverage-high-row,30,20,-461,539,-379
back,leverage-high-row,30,20,-479,508,-358
back,leverage-high-row,30,20,-480,536,-376
back,leverage-high-row,30,20,-434,525,-298
back,leverage-high-row,30,20,-426,492,-302
back,leverage-high-row,30,20,-452,476,-285
back,leverage-high-row,30,20,-425,461,-253
back,leverage-high-row,30,20,-365,444,-262
back,leverage-high-row,30,20,-360,427,-227
back,leverage-high-row,30,20,-393,441,-289
back,leverage-high-row,30,20,-336,453,-360
back,leverage-high-row,30,20,-225,479,-447
back,leverage-high-row,30,20,-233,407,-239
back,leverage-high-row,30,20,-239,402,-240
back,leverage-high-row,30,20,-222,423,-337
back,leverage-high-row,30,20,-184,411,-47
back,leverage-high-row,30,20,-168,496,-272
back,leverage-high-row,30,20,-176,520,-272
back,leverage-high-row,30,20,-207,536,-373
back,leverage-high-row,30,20,-208,566,-467
back,leverage-high-row,30,20,-178,657,-234
back,leverage-high-row,30,20,-161,649,-318
back,leverage-high-row,30,20,-181,748,-292
back,leverage-high-row,30,20,-233,809,-393
back,leverage-high-row,30,20,-301,843,-428
back,leverage-high-row,30,20,-319,955,-385
back,leverage-high-row,30,20,-313,963,-487
back,leverage-high-row,30,20,-344,1017,-391
back,leverage-high-row,30,20,-426,1088,-366
back,leverage-high-row,30,20,-514,1086,-392
back,leverage-high-row,30,20,-501,1174,-476
back,leverage-high-row,30,20,-442,1174,-527
back,leverage-high-row,30,20,-469,1210,-269
back,leverage-high-row,30,20,-580,1232,-341
back,leverage-high-row,30,20,-650,1211,-569
back,leverage-high-row,30,20,-623,1205,-645
back,leverage-high-row,30,20,-560,1218,-638
back,leverage-high-row,30,20,-517,1205,-570
back,leverage-high-row,30,20,-536,1211,-644
back,leverage-high-row,30,20,-542,1224,-648
back,leverage-high-row,30,20,-463,1215,-562
back,leverage-high-row,30,20,-379,1187,-527
back,leverage-high-row,30,20,-376,1140,-464
back,leverage-high-row,30,20,-377,1108,-539
back,leverage-high-row,30,20,-323,1100,-598
back,leverage-high-row,30,20,-284,1075,-551
back,leverage-high-row,30,20,-260,1099,-597
back,leverage-high-row,30,20,-222,1136,-656
back,leverage-high-row,30,20,-226,1036,-679
back,leverage-high-row,30,20,-271,990,-554
back,leverage-high-row,30,20,-293,1064,-528
back,leverage-high-row,30,20,-241,1064,-548
back,leverage-high-row,30,20,-129,1037,-600
back,leverage-high-row,30,20,-119,1050,-529
back,leverage-high-row,30,20,-182,1052,-672
back,leverage-high-row,30,20,-180,1046,-643
back,leverage-high-row,30,20,-113,1084,-541
back,leverage-high-row,30,20,-91,1127,-506
back,leverage-high-row,30,20,-104,1041,-540
back,leverage-high-row,30,20,-97,1100,-645
back,leverage-high-row,30,20,-52,1186,-539
back,leverage-high-row,30,20,24,1114,-515
back,leverage-high-row,30,20,78,1176,-848
back,leverage-high-row,30,20,53,1103,-680
back,leverage-high-row,30,20,-78,1005,-258
back,leverage-high-row,30,20,-269,957,-189
back,leverage-high-row,30,20,-367,898,-435
back,leverage-high-row,30,20,-327,968,-519
back,leverage-high-row,30,20,-209,992,-449
back,leverage-high-row,30,20,-154,1070,-168
back,leverage-high-row,30,20,-205,1118,-441
back,leverage-high-row,30,20,-245,978,-471
back,leverage-high-row,30,20,-277,1041,-363
back,leverage-high-row,30,20,-280,969,-273
back,leverage-high-row,30,20,-336,918,-564
back,leverage-high-row,30,20,-337,1014,-676
back,leverage-high-row,30,20,-289,1032,-501
back,leverage-high-row,30,20,-280,1097,-542
back,leverage-high-row,30,20,-350,985,-560
back,leverage-high-row,30,20,-411,772,-393
back,leverage-high-row,30,20,-321,974,-471
back,leverage-high-row,30,20,-282,956,-336
back,leverage-high-row,30,20,-337,811,-283
back,leverage-high-row,30,20,-377,785,-327
back,leverage-high-row,30,20,-324,824,-404
back,leverage-high-row,30,20,-328,798,-421
back,leverage-high-row,30,20,-431,715,-370
back,leverage-high-row,30,20,-421,779,-507
back,leverage-high-row,30,20,-365,787,-541
back,leverage-high-row,30,20,-361,812,-468
back,leverage-high-row,30,20,-390,802,-376
back,leverage-high-row,30,20,-399,713,-376
back,leverage-high-row,30,20,-392,722,-362
back,leverage-high-row,30,20,-388,748,-364
back,leverage-high-row,30,20,-388,713,-378
back,leverage-high-row,30,20,-399,663,-339
back,leverage-high-row,30,20,-401,652,-370
back,leverage-high-row,30,20,-412,678,-372
back,leverage-high-row,30,20,-440,638,-328
back,leverage-high-row,30,20,-440,591,-313
back,leverage-high-row,30,20,-443,591,-363
back,leverage-high-row,30,20,-453,613,-410
back,leverage-high-row,30,20,-467,608,-368
back,leverage-high-row,30,20,-477,598,-312
back,leverage-high-row,30,20,-488,590,-295
back,leverage-high-row,30,20,-492,618,-384
back,leverage-high-row,30,20,-496,608,-354
back,leverage-high-row,30,20,-472,621,-336
back,leverage-high-row,30,20,-472,579,-334
back,leverage-high-row,30,20,-472,563,-282
back,leverage-high-row,30,20,-487,560,-217
back,leverage-high-row,30,20,-524,481,-862
back,leverage-high-row,30,20,-319,476,-457
back,leverage-high-row,30,20,-362,384,582
back,leverage-high-row,30,20,-321,328,106
back,leverage-high-row,30,20,-414,408,-517
back,leverage-high-row,30,20,-383,406,-256
back,leverage-high-row,30,20,-208,366,-261
back,leverage-high-row,30,20,-208,312,-416
back,leverage-high-row,30,20,-240,448,-288
back,leverage-high-row,30,20,-186,440,-412
back,leverage-high-row,30,20,-146,432,-112
back,leverage-high-row,30,20,-219,521,-245
back,leverage-high-row,30,20,-253,492,-263
back,leverage-high-row,30,20,-163,495,-271
back,leverage-high-row,30,20,-89,615,-356
back,leverage-high-row,30,20,-141,591,-266
back,leverage-high-row,30,20,-205,617,-195
back,leverage-high-row,30,20,-170,709,-86
back,leverage-high-row,30,20,-109,785,-242
back,leverage-high-row,30,20,-127,850,-449
back,leverage-high-row,30,20,-184,924,-454
back,leverage-high-row,30,20,-218,997,-469
back,leverage-high-row,30,20,-287,1062,-486
back,leverage-high-row,30,20,-396,1125,-410
back,leverage-high-row,30,20,-454,1171,-349
back,leverage-high-row,30,20,-448,1184,-341
back,leverage-high-row,30,20,-491,1184,-359
back,leverage-high-row,30,20,-550,1253,-422
back,leverage-high-row,30,20,-558,1310,-408
back,leverage-high-row,30,20,-524,1255,-561
back,leverage-high-row,30,20,-513,1239,-562
back,leverage-high-row,30,20,-567,1238,-512
back,leverage-high-row,30,20,-587,1208,-577
back,leverage-high-row,30,20,-548,1216,-568
back,leverage-high-row,30,20,-520,1217,-513
back,leverage-high-row,30,20,-516,1185,-484
back,leverage-high-row,30,20,-534,1154,-537
back,leverage-high-row,30,20,-545,1133,-570
back,leverage-high-row,30,20,-523,1151,-538
back,leverage-high-row,30,20,-486,1175,-552
back,leverage-high-row,30,20,-453,1125,-564
back,leverage-high-row,30,20,-464,1097,-562
back,leverage-high-row,30,20,-501,1121,-538
back,leverage-high-row,30,20,-510,1028,-561
back,leverage-high-row,30,20,-488,1027,-553
back,leverage-high-row,30,20,-433,1083,-565
back,leverage-high-row,30,20,-386,1044,-444
back,leverage-high-row,30,20,-366,1050,-508
back,leverage-high-row,30,20,-360,1117,-507
back,leverage-high-row,30,20,-357,1140,-471
back,leverage-high-row,30,20,-345,1149,-552
back,leverage-high-row,30,20,-354,1094,-621
back,leverage-high-row,30,20,-366,1090,-556
back,leverage-high-row,30,20,-354,1150,-527
back,leverage-high-row,30,20,-364,1063,-511
back,leverage-high-row,30,20,-322,1054,-424
back,leverage-high-row,30,20,-240,1132,-526
back,leverage-high-row,30,20,-234,1049,-340
back,leverage-high-row,30,20,-297,1071,-471
back,leverage-high-row,30,20,-383,1017,-409
back,leverage-high-row,30,20,-299,1078,-540
back,leverage-high-row,30,20,-235,1065,-384
back,leverage-high-row,30,20,-247,997,-354
back,leverage-high-row,30,20,-336,956,-367
back,leverage-high-row,30,20,-365,945,-397
back,leverage-high-row,30,20,-312,1070,-519
back,leverage-high-row,30,20,-359,876,-352
back,leverage-high-row,30,20,-375,980,-440
back,leverage-high-row,30,20,-389,975,-405
back,leverage-high-row,30,20,-405,796,-456
back,leverage-high-row,30,20,-371,895,-323
back,leverage-high-row,30,20,-342,960,-352
back,leverage-high-row,30,20,-436,786,-341
back,leverage-high-row,30,20,-438,806,-448
back,leverage-high-row,30,20,-324,935,-312
back,leverage-high-row,30,20,-404,797,-259
back,leverage-high-row,30,20,-506,665,-367
back,leverage-high-row,30,20,-406,757,-380
back,leverage-high-row,30,20,-321,804,-316
back,leverage-high-row,30,20,-422,672,-269
back,leverage-high-row,30,20,-496,624,-330
back,leverage-high-row,30,20,-429,652,-339
back,leverage-high-row,30,20,-346,639,-308
back,leverage-high-row,30,20,-391,632,-370
back,leverage-high-row,30,20,-492,612,-416
back,leverage-high-row,30,20,-470,607,-416
back,leverage-high-row,30,20,-419,603,-350
back,leverage-high-row,30,20,-450,564,-289
back,leverage-high-row,30,20,-475,600,-313
back,leverage-high-row,30,20,-486,633,-301
back,leverage-high-row,30,20,-496,600,-351
back,leverage-high-row,30,20,-496,597,-431
back,leverage-high-row,30,20,-491,597,-424
back,leverage-high-row,30,20,-501,600,-391
back,leverage-high-row,30,20,-551,594,-322
back,leverage-high-row,30,20,-557,616,-386
back,leverage-high-row,30,20,-522,610,-360
back,leverage-high-row,30,20,-514,588,-388
back,leverage-high-row,30,20,-549,578,-378
back,leverage-high-row,30,20,-568,587,-289
back,leverage-high-row,30,20,-561,600,-266
back,leverage-high-row,30,20,-525,595,-393
back,leverage-high-row,30,20,-513,561,-292
back,leverage-high-row,30,20,-513,522,-360
back,leverage-high-row,30,20,-458,537,-360
back,leverage-high-row,30,20,-411,538,-357
back,leverage-high-row,30,20,-439,473,-324
back,leverage-high-row,30,20,-426,486,-274
back,leverage-high-row,30,20,-311,440,-316
back,leverage-high-row,30,20,-288,448,-176
back,leverage-high-row,30,20,-232,376,-192
back,leverage-high-row,30,20,-193,360,-145
back,leverage-high-row,30,20,-116,360,-357
back,leverage-high-row,30,20,-52,353,-197
back,leverage-high-row,30,20,-12,418,-228
back,leverage-high-row,30,20,-51,460,-339
back,leverage-high-row,30,20,-77,464,-52
back,leverage-high-row,30,20,-60,539,-390
back,leverage-high-row,30,20,-69,639,-463
back,leverage-high-row,30,20,-72,695,-464
back,leverage-high-row,30,20,-129,780,-432
back,leverage-high-row,30,20,-200,887,-449
back,leverage-high-row,30,20,-252,882,-468
back,leverage-high-row,30,20,-235,990,-513
back,leverage-high-row,30,20,-276,1072,-442
back,leverage-high-row,30,20,-402,1077,-402
back,leverage-high-row,30,20,-502,1169,-562
back,leverage-high-row,30,20,-507,1211,-656
back,leverage-high-row,30,20,-465,1167,-628
back,leverage-high-row,30,20,-497,1223,-509
back,leverage-high-row,30,20,-585,1301,-663
back,leverage-high-row,30,20,-638,1177,-577
back,leverage-high-row,30,20,-599,1126,-515
back,leverage-high-row,30,20,-547,1103,-643
back,leverage-high-row,30,20,-494,1094,-559
back,leverage-high-row,30,20,-436,1204,-580
back,leverage-high-row,30,20,-401,1191,-731
back,leverage-high-row,30,20,-377,1130,-748
back,leverage-high-row,30,20,-382,1128,-695
back,leverage-high-row,30,20,-407,1081,-710
back,leverage-high-row,30,20,-377,1085,-752
back,leverage-high-row,30,20,-329,1073,-573
back,leverage-high-row,30,20,-361,1039,-533
back,leverage-high-row,30,20,-370,1069,-680
back,leverage-high-row,30,20,-297,1057,-630
back,leverage-high-row,30,20,-254,1008,-570
back,leverage-high-row,30,20,-324,1001,-552
back,leverage-high-row,30,20,-368,973,-621
back,leverage-high-row,30,20,-320,968,-588
back,leverage-high-row,30,20,-243,1031,-587
back,leverage-high-row,30,20,-237,1003,-657
back,leverage-high-row,30,20,-285,1023,-768
back,leverage-high-row,30,20,-265,1044,-668
back,leverage-high-row,30,20,-239,965,-536
back,leverage-high-row,30,20,-285,873,-576
back,leverage-high-row,30,20,-314,1008,-515
back,leverage-high-row,30,20,-258,1135,-490
back,leverage-high-row,30,20,-201,1122,-675
back,leverage-high-row,30,20,-218,1149,-702
back,leverage-high-row,30,20,-264,1088,-517
back,leverage-high-row,30,20,-248,1104,-679
back,leverage-high-row,30,20,-264,1088,-577
back,leverage-high-row,30,20,-225,1065,-545
back,leverage-high-row,30,20,-262,1102,-483
back,leverage-high-row,30,20,-257,1059,-651
back,leverage-high-row,30,20,-198,1078,-328
back,leverage-high-row,30,20,-242,1030,-532
back,leverage-high-row,30,20,-269,968,-630
back,leverage-high-row,30,20,-238,1028,-428
back,leverage-high-row,30,20,-245,1033,-399
back,leverage-high-row,30,20,-274,1012,-407
back,leverage-high-row,30,20,-274,1059,-662
back,leverage-high-row,30,20,-247,991,-524
back,leverage-high-row,30,20,-246,998,-343
back,leverage-high-row,30,20,-272,890,-398
back,leverage-high-row,30,20,-291,894,-529
back,leverage-high-row,30,20,-274,862,-540
back,leverage-high-row,30,20,-232,862,-344
back,leverage-high-row,30,20,-237,893,-324
back,leverage-high-row,30,20,-330,843,-335
back,leverage-high-row,30,20,-381,793,-448
back,leverage-high-row,30,20,-322,798,-413
back,leverage-high-row,30,20,-312,785,-304
back,leverage-high-row,30,20,-399,750,-423
back,leverage-high-row,30,20,-422,736,-432
back,leverage-high-row,30,20,-383,703,-365
back,leverage-high-row,30,20,-356,696,-392
back,leverage-high-row,30,20,-371,693,-388
back,leverage-high-row,30,20,-422,638,-347
back,leverage-high-row,30,20,-452,612,-390
back,leverage-high-row,30,20,-439,646,-464
back,leverage-high-row,30,20,-435,640,-355
back,leverage-high-row,30,20,-467,599,-329
back,leverage-high-row,30,20,-481,628,-423
back,leverage-high-row,30,20,-482,587,-377
back,leverage-high-row,30,20,-469,576,-407
back,leverage-high-row,30,20,-489,581,-343
back,leverage-high-row,30,20,-465,587,-439
back,leverage-high-row,30,20,-454,580,-428
back,leverage-high-row,30,20,-484,582,-364
back,leverage-high-row,30,20,-513,550,-409
back,leverage-high-row,30,20,-491,549,-437
back,leverage-high-row,30,20,-504,567,-424
back,leverage-high-row,30,20,-501,560,-415
back,leverage-high-row,30,20,-488,558,-364
back,leverage-high-row,30,20,-482,542,-342
back,leverage-high-row,30,20,-442,519,-323
back,leverage-high-row,30,20,-452,439,-271
back,leverage-high-row,30,20,-403,426,-194
back,leverage-high-row,30,20,-329,454,-429
back,leverage-high-row,30,20,-343,425,-227
back,leverage-high-row,30,20,-296,464,-320
back,leverage-high-row,30,20,-248,392,-216
back,leverage-high-row,30,20,-256,361,-247
back,leverage-high-row,30,20,-241,368,-294
back,leverage-high-row,30,20,-158,375,-326
back,leverage-high-row,30,20,-101,376,-284
back,leverage-high-row,30,20,-67,455,-201
back,leverage-high-row,30,20,-120,422,-157
back,leverage-high-row,30,20,-73,484,-234
back,leverage-high-row,30,20,-77,543,-215
back,leverage-high-row,30,20,-60,617,-286
back,leverage-high-row,30,20,-56,696,-272
back,leverage-high-row,30,20,-124,718,-332
back,leverage-high-row,30,20,-126,774,-292
back,leverage-high-row,30,20,-155,910,-437
back,leverage-high-row,30,20,-208,969,-496
back,leverage-high-row,30,20,-263,1071,-518
back,leverage-high-row,30,20,-323,1155,-312
back,leverage-high-row,30,20,-365,1181,-324
back,leverage-high-row,30,20,-412,1215,-471
back,leverage-high-row,30,20,-447,1222,-480
back,leverage-high-row,30,20,-427,1249,-427
back,leverage-high-row,30,20,-482,1258,-389
back,leverage-high-row,30,20,-554,1284,-559
back,leverage-high-row,30,20,-551,1295,-669
back,leverage-high-row,30,20,-524,1305,-694
back,leverage-high-row,30,20,-540,1256,-760
back,leverage-high-row,30,20,-568,1207,-699
back,leverage-high-row,30,20,-550,1228,-701
back,leverage-high-row,30,20,-514,1192,-698
back,leverage-high-row,30,20,-499,1159,-622
back,leverage-high-row,30,20,-504,1145,-686
back,leverage-high-row,30,20,-507,1078,-596
back,leverage-high-row,30,20,-512,1036,-536
back,leverage-high-row,30,20,-507,1064,-632
back,leverage-high-row,30,20,-486,1064,-603
back,leverage-high-row,30,20,-445,1039,-615
back,leverage-high-row,30,20,-393,1047,-612
back,leverage-high-row,30,20,-378,1039,-579
back,leverage-high-row,30,20,-380,1064,-650
back,leverage-high-row,30,20,-354,1011,-639
back,leverage-high-row,30,20,-296,1018,-477
back,leverage-high-row,30,20,-261,1110,-697
back,leverage-high-row,30,20,-260,1043,-613
back,leverage-high-row,30,20,-314,970,-525
back,leverage-high-row,30,20,-277,1146,-550
back,leverage-high-row,30,20,-251,1000,-555
back,leverage-high-row,30,20,-206,1065,-707
back,leverage-high-row,30,20,-185,1077,-643
back,leverage-high-row,30,20,-190,1148,-466
back,leverage-high-row,30,20,-161,1062,-513
back,leverage-high-row,30,20,-184,993,-537
back,leverage-high-row,30,20,-176,1103,-599
back,leverage-high-row,30,20,-122,1003,-367
back,leverage-high-row,30,20,-150,962,-330
back,leverage-high-row,30,20,-204,997,-589
back,leverage-high-row,30,20,-164,971,-411
back,leverage-high-row,30,20,-189,932,-449
back,leverage-high-row,30,20,-248,1012,-603
back,leverage-high-row,30,20,-276,976,-631
back,leverage-high-row,30,20,-327,875,-552
back,leverage-high-row,30,20,-277,973,-425
back,leverage-high-row,30,20,-334,924,-375
back,leverage-high-row,30,20,-420,929,-480
back,leverage-high-row,30,20,-446,851,-464
back,leverage-high-row,30,20,-401,942,-524
back,leverage-high-row,30,20,-430,892,-529
back,leverage-high-row,30,20,-481,878,-470
back,leverage-high-row,30,20,-501,872,-475
back,leverage-high-row,30,20,-472,864,-493
back,leverage-high-row,30,20,-461,803,-404
back,leverage-high-row,30,20,-424,842,-451
back,leverage-high-row,30,20,-438,840,-459
back,leverage-high-row,30,20,-469,771,-373
back,leverage-high-row,30,20,-414,735,-412
back,leverage-high-row,30,20,-385,672,-433
back,leverage-high-row,30,20,-425,670,-396
back,leverage-high-row,30,20,-436,672,-360
back,leverage-high-row,30,20,-416,605,-347
back,leverage-high-row,30,20,-408,576,-357
back,leverage-high-row,30,20,-415,590,-355
back,leverage-high-row,30,20,-437,578,-355
back,leverage-high-row,30,20,-466,549,-346
back,leverage-high-row,30,20,-459,571,-375
back,leverage-high-row,30,20,-433,553,-385
back,leverage-high-row,30,20,-467,523,-363
back,leverage-high-row,30,20,-504,536,-358
back,leverage-high-row,30,20,-489,539,-372
back,leverage-high-row,30,20,-463,589,-458
back,leverage-high-row,30,20,-491,587,-420
back,leverage-high-row,30,20,-514,550,-318
back,leverage-high-row,30,20,-498,531,-371
back,leverage-high-row,30,20,-497,483,-341
back,leverage-high-row,30,20,-475,464,-373
back,leverage-high-row,30,20,-484,463,-280
back,leverage-high-row,30,20,-460,454,-265
back,leverage-high-row,30,20,-437,440,-403
back,leverage-high-row,30,20,-415,449,-377
back,leverage-high-row,30,20,-404,516,-434
back,leverage-high-row,30,20,-357,478,-291
back,leverage-high-row,30,20,-320,446,-330
back,leverage-high-row,30,20,-319,399,-218
back,leverage-high-row,30,20,-296,368,-296
back,leverage-high-row,30,20,-272,360,-88
back,leverage-high-row,30,20,-194,376,-274
back,leverage-high-row,30,20,-154,437,-265
back,leverage-high-row,30,20,-182,477,-264
back,leverage-high-row,30,20,-169,487,-242
back,leverage-high-row,30,20,-182,567,-283
back,leverage-high-row,30,20,-184,562,-239
back,leverage-high-row,30,20,-157,615,-280
back,leverage-high-row,30,20,-172,677,-341
back,leverage-high-row,30,20,-209,721,-359
back,leverage-high-row,30,20,-222,766,-385
back,leverage-high-row,30,20,-255,838,-491
back,leverage-high-row,30,20,-306,880,-496
back,leverage-high-row,30,20,-338,912,-406
back,leverage-high-row,30,20,-344,977,-324
back,leverage-high-row,30,20,-366,1039,-354
back,leverage-high-row,30,20,-387,1067,-365
back,leverage-high-row,30,20,-445,1051,-349
back,leverage-high-row,30,20,-447,1071,-257
back,leverage-high-row,30,20,-373,1212,-455
back,leverage-high-row,30,20,-384,1226,-522
back,leverage-high-row,30,20,-476,1193,-427
back,leverage-high-row,30,20,-507,1196,-753
back,leverage-high-row,30,20,-487,1153,-812
back,leverage-high-row,30,20,-443,1191,-587
back,leverage-high-row,30,20,-452,1196,-496
back,leverage-high-row,30,20,-488,1178,-486
back,leverage-high-row,30,20,-432,1242,-554
back,leverage-high-row,30,20,-372,1176,-562
back,leverage-high-row,30,20,-388,1121,-527
back,leverage-high-row,30,20,-451,1139,-539
back,leverage-high-row,30,20,-467,1051,-653
back,leverage-high-row,30,20,-391,1079,-697
back,leverage-high-row,30,20,-368,1109,-611
back,leverage-high-row,30,20,-387,1078,-572
back,leverage-high-row,30,20,-385,1054,-463
back,leverage-high-row,30,20,-373,1053,-501
back,leverage-high-row,30,20,-382,1039,-493
back,leverage-high-row,30,20,-364,995,-418
back,leverage-high-row,30,20,-319,1076,-401
back,leverage-high-row,30,20,-298,1049,-578
back,leverage-high-row,30,20,-340,985,-623
back,leverage-high-row,30,20,-348,975,-643
back,leverage-high-row,30,20,-281,1084,-569
back,leverage-high-row,30,20,-238,1062,-552
back,leverage-high-row,30,20,-222,1048,-698
back,leverage-high-row,30,20,-204,1054,-515
back,leverage-high-row,30,20,-168,1105,-539
back,leverage-high-row,30,20,-167,1018,-472
back,leverage-high-row,30,20,-152,1054,-480
back,leverage-high-row,30,20,-136,1001,-464
back,leverage-high-row,30,20,-128,1103,-416
back,leverage-high-row,30,20,-159,972,-470
back,leverage-high-row,30,20,-190,976,-533
back,leverage-high-row,30,20,-155,1006,-655
back,leverage-high-row,30,20,-145,986,-336
back,leverage-high-row,30,20,-230,1005,-297
back,leverage-high-row,30,20,-247,1001,-540
back,leverage-high-row,30,20,-180,1014,-433
back,leverage-high-row,30,20,-195,1009,-421
back,leverage-high-row,30,20,-278,936,-580
back,leverage-high-row,30,20,-290,996,-464
back,leverage-high-row,30,20,-276,948,-523
back,leverage-high-row,30,20,-266,964,-540
back,leverage-high-row,30,20,-305,923,-324
back,leverage-high-row,30,20,-331,944,-466
back,leverage-high-row,30,20,-347,949,-429
back,leverage-high-row,30,20,-352,922,-495
back,leverage-high-row,30,20,-363,870,-557
back,leverage-high-row,30,20,-368,904,-494
back,leverage-high-row,30,20,-408,857,-426
back,leverage-high-row,30,20,-422,827,-351
back,leverage-high-row,30,20,-411,868,-344
back,leverage-high-row,30,20,-404,861,-399
back,leverage-high-row,30,20,-396,814,-428
back,leverage-high-row,30,20,-417,742,-453
back,leverage-high-row,30,20,-444,692,-400
back,leverage-high-row,30,20,-429,715,-389
back,leverage-high-row,30,20,-415,770,-471
back,leverage-high-row,30,20,-431,768,-435
back,leverage-high-row,30,20,-430,748,-392
back,leverage-high-row,30,20,-439,734,-434
back,leverage-high-row,30,20,-475,681,-445
back,leverage-high-row,30,20,-492,690,-411
back,leverage-high-row,30,20,-501,699,-390
back,leverage-high-row,30,20,-488,715,-445
back,leverage-high-row,30,20,-504,662,-421
back,leverage-high-row,30,20,-509,647,-374
back,leverage-high-row,30,20,-526,662,-381
back,leverage-high-row,30,20,-540,654,-408
back,leverage-high-row,30,20,-528,643,-384
back,leverage-high-row,30,20,-535,619,-400
back,leverage-high-row,30,20,-559,596,-451
back,leverage-high-row,30,20,-544,581,-384
back,leverage-high-row,30,20,-510,600,-340
back,leverage-high-row,30,20,-541,551,-333
back,leverage-high-row,30,20,-518,543,-422
back,leverage-high-row,30,20,-502,534,-407
back,leverage-high-row,30,20,-478,513,-389
back,leverage-high-row,30,20,-455,519,-349
back,leverage-high-row,30,20,-433,495,-297
back,leverage-high-row,30,20,-472,464,-336
back,leverage-high-row,30,20,-448,480,-304
back,leverage-high-row,30,20,-386,441,-281
back,leverage-high-row,30,20,-331,379,-250
back,leverage-high-row,30,20,-380,391,-434
back,leverage-high-row,30,20,-369,436,-324
back,leverage-high-row,30,20,-275,333,-212
back,leverage-high-row,30,20,-250,320,-60
back,leverage-high-row,30,20,-241,313,-258
back,leverage-high-row,30,20,-220,345,-149
back,leverage-high-row,30,20,-196,404,-159
back,leverage-high-row,30,20,-173,454,-276
back,leverage-high-row,30,20,-137,514,-292
back,leverage-high-row,30,20,-128,534,-397
back,leverage-high-row,30,20,-128,577,-173
back,leverage-high-row,30,20,-145,598,-46
back,leverage-high-row,30,20,-158,650,-283
back,leverage-high-row,30,20,-171,737,-387
back,leverage-high-row,30,20,-165,731,-321
back,leverage-high-row,30,20,-165,783,-293
back,leverage-high-row,30,20,-198,913,-355
back,leverage-high-row,30,20,-269,997,-373
back,leverage-high-row,30,20,-336,1035,-434
back,leverage-high-row,30,20,-364,1026,-408
back,leverage-high-row,30,20,-394,1090,-426
back,leverage-high-row,30,20,-466,1197,-417
back,leverage-high-row,30,20,-536,1240,-332
back,leverage-high-row,30,20,-568,1309,-455
back,leverage-high-row,30,20,-561,1383,-644
back,leverage-high-row,30,20,-519,1343,-569
back,leverage-high-row,30,20,-542,1277,-395
back,leverage-high-row,30,20,-655,1237,-456
back,leverage-high-row,30,20,-688,1193,-628
back,leverage-high-row,30,20,-581,1193,-663
back,leverage-high-row,30,20,-428,1179,-535
back,leverage-high-row,30,20,-373,1184,-440
back,leverage-high-row,30,20,-412,1179,-486
back,leverage-high-row,30,20,-431,1208,-650
back,leverage-high-row,30,20,-402,1107,-612
back,leverage-high-row,30,20,-382,1073,-573
back,leverage-high-row,30,20,-372,1138,-511
back,leverage-high-row,30,20,-353,1090,-625
back,leverage-high-row,30,20,-321,1100,-725
back,leverage-high-row,30,20,-297,1101,-588
back,leverage-high-row,30,20,-344,1010,-503
back,leverage-high-row,30,20,-336,1029,-585
back,leverage-high-row,30,20,-271,1074,-539
back,leverage-high-row,30,20,-199,1144,-567
back,leverage-high-row,30,20,-197,986,-635
back,leverage-high-row,30,20,-262,1120,-571
back,leverage-high-row,30,20,-222,1108,-630
back,leverage-high-row,30,20,-160,962,-552
back,leverage-high-row,30,20,-192,1150,-536
back,leverage-high-row,30,20,-223,1090,-482
back,leverage-high-row,30,20,-194,1134,-594
back,leverage-high-row,30,20,-155,1069,-421
back,leverage-high-row,30,20,-130,1093,-408
back,leverage-high-row,30,20,-135,1167,-487
back,leverage-high-row,30,20,-157,1064,-454
back,leverage-high-row,30,20,-187,1055,-537
back,leverage-high-row,30,20,-205,1043,-432
back,leverage-high-row,30,20,-215,1060,-714
back,leverage-high-row,30,20,-216,1121,-581
back,leverage-high-row,30,20,-204,1062,-454
back,leverage-high-row,30,20,-218,998,-589
back,leverage-high-row,30,20,-289,1066,-587
back,leverage-high-row,30,20,-301,1022,-431
back,leverage-high-row,30,20,-257,947,-281
back,leverage-high-row,30,20,-256,1020,-359
back,leverage-high-row,30,20,-311,990,-521
back,leverage-high-row,30,20,-351,983,-464
back,leverage-high-row,30,20,-350,916,-346
back,leverage-high-row,30,20,-339,893,-451
back,leverage-high-row,30,20,-350,893,-549
back,leverage-high-row,30,20,-360,889,-512
back,leverage-high-row,30,20,-395,896,-433
back,leverage-high-row,30,20,-449,892,-450
back,leverage-high-row,30,20,-404,900,-472
back,leverage-high-row,30,20,-298,862,-436
back,leverage-high-row,30,20,-300,790,-447
back,leverage-high-row,30,20,-391,786,-429
back,leverage-high-row,30,20,-430,768,-347
back,leverage-high-row,30,20,-371,683,-325
back,leverage-high-row,30,20,-319,655,-353
back,leverage-high-row,30,20,-396,689,-366
back,leverage-high-row,30,20,-474,666,-448
back,leverage-high-row,30,20,-427,587,-395
back,leverage-high-row,30,20,-406,581,-262
back,leverage-high-row,30,20,-456,585,-379
back,leverage-high-row,30,20,-452,579,-404
back,leverage-high-row,30,20,-450,581,-404
back,leverage-high-row,30,20,-482,507,-431
back,leverage-high-row,30,20,-491,547,-405
back,leverage-high-row,30,20,-501,566,-437
back,leverage-high-row,30,20,-495,580,-480
back,leverage-high-row,30,20,-528,524,-396
back,leverage-high-row,30,20,-526,546,-389
back,leverage-high-row,30,20,-511,557,-473
back,leverage-high-row,30,20,-505,537,-410
back,leverage-high-row,30,20,-523,547,-354
back,leverage-high-row,30,20,-569,463,-393
back,leverage-high-row,30,20,-567,276,-679
back,leverage-high-row,30,20,248,128,672
back,leverage-high-row,30,20,8,200,440
back,leverage-high-row,30,20,-473,448,564
back,leverage-high-row,30,20,-503,867,-3852
back,leverage-high-row,30,20,-467,746,1158
back,leverage-high-row,30,20,-632,466,574
back,leverage-high-row,30,20,-641,676,-612
back,leverage-high-row,30,20,-389,439,-528
back,leverage-high-row,30,20,-332,516,-455
back,leverage-high-row,30,20,-481,389,-301
back,leverage-high-row,30,20,-395,516,-122
back,leverage-high-row,30,20,-279,501,-387
back,leverage-high-row,30,20,-287,407,-247
back,leverage-high-row,30,20,-314,456,-202
back,leverage-high-row,30,20,-296,468,-355
back,leverage-high-row,30,20,-208,487,-316
back,leverage-high-row,30,20,-193,485,-375
back,leverage-high-row,30,20,-249,556,-308
back,leverage-high-row,30,20,-230,597,-224
back,leverage-high-row,30,20,-208,646,-218
back,leverage-high-row,30,20,-173,741,-313
back,leverage-high-row,30,20,-147,731,-268
back,leverage-high-row,30,20,-186,784,-269
back,leverage-high-row,30,20,-220,861,-342
back,leverage-high-row,30,20,-207,881,-256
back,leverage-high-row,30,20,-213,930,-259
back,leverage-high-row,30,20,-236,1008,-396
back,leverage-high-row,30,20,-278,1060,-340
back,leverage-high-row,30,20,-375,1113,-349
back,leverage-high-row,30,20,-426,1160,-461
back,leverage-high-row,30,20,-398,1177,-473
back,leverage-high-row,30,20,-426,1229,-388
back,leverage-high-row,30,20,-497,1263,-153
back,leverage-high-row,30,20,-492,1292,-264
back,leverage-high-row,30,20,-440,1357,-457
back,leverage-high-row,30,20,-434,1320,-504
back,leverage-high-row,30,20,-507,1278,-514
back,leverage-high-row,30,20,-543,1236,-547
back,leverage-high-row,30,20,-492,1201,-620
back,leverage-high-row,30,20,-402,1264,-650
back,leverage-high-row,30,20,-369,1294,-396
back,leverage-high-row,30,20,-397,1222,-523
back,leverage-high-row,30,20,-371,1183,-540
back,leverage-high-row,30,20,-317,1149,-559
back,leverage-high-row,30,20,-344,1034,-537
back,leverage-high-row,30,20,-331,1147,-461
back,leverage-high-row,30,20,-237,1203,-575
back,leverage-high-row,30,20,-222,1036,-728
back,leverage-high-row,30,20,-283,1079,-321
back,leverage-high-row,30,20,-317,1061,-447
back,leverage-high-row,30,20,-255,1003,-570
back,leverage-high-row,30,20,-231,1112,-370
back,leverage-high-row,30,20,-121,1064,-534
back,leverage-high-row,30,20,-151,1002,-583
back,leverage-high-row,30,20,-198,1068,-554
back,leverage-high-row,30,20,-125,1050,-641
back,leverage-high-row,30,20,-98,1033,-517
back,leverage-high-row,30,20,-110,1039,-454
back,leverage-high-row,30,20,-84,1068,-588
back,leverage-high-row,30,20,-87,1052,-581
back,leverage-high-row,30,20,-135,1081,-523
back,leverage-high-row,30,20,-79,1068,-519
back,leverage-high-row,30,20,-39,1032,-533
back,leverage-high-row,30,20,-94,1080,-449
back,leverage-high-row,30,20,-191,1078,-521
back,leverage-high-row,30,20,-198,1072,-552
back,leverage-high-row,30,20,-135,1061,-483
back,leverage-high-row,30,20,-184,1078,-501
back,leverage-high-row,30,20,-248,1077,-558
back,leverage-high-row,30,20,-222,1088,-555
back,leverage-high-row,30,20,-185,1065,-457
back,leverage-high-row,30,20,-201,1038,-438
back,leverage-high-row,30,20,-240,1065,-499
back,leverage-high-row,30,20,-251,968,-394
back,leverage-high-row,30,20,-252,952,-452
back,leverage-high-row,30,20,-217,1008,-520
back,leverage-high-row,30,20,-213,966,-480
back,leverage-high-row,30,20,-288,912,-448
back,leverage-high-row,30,20,-278,884,-412
back,leverage-high-row,30,20,-253,839,-390
back,leverage-high-row,30,20,-331,832,-374
back,leverage-high-row,30,20,-339,852,-409
back,leverage-high-row,30,20,-291,798,-384
back,leverage-high-row,30,20,-327,800,-266
back,leverage-high-row,30,20,-376,849,-291
back,leverage-high-row,30,20,-376,794,-469
back,leverage-high-row,30,20,-397,733,-485
back,leverage-high-row,30,20,-433,738,-452
back,leverage-high-row,30,20,-407,780,-352
back,leverage-high-row,30,20,-409,804,-371
back,leverage-high-row,30,20,-484,728,-399
back,leverage-high-row,30,20,-487,721,-318
back,leverage-high-row,30,20,-461,706,-345
back,leverage-high-row,30,20,-489,738,-445
back,leverage-high-row,30,20,-529,700,-324
back,leverage-high-row,30,20,-531,648,-318
back,leverage-high-row,30,20,-505,693,-393
back,leverage-high-row,30,20,-515,675,-340
back,leverage-high-row,30,20,-539,690,-303
back,leverage-high-row,30,20,-570,625,-304
back,leverage-high-row,30,20,-590,635,-406
back,leverage-high-row,30,20,-546,687,-363
back,leverage-high-row,30,20,-600,640,-464
back,leverage-high-row,30,20,-640,648,-408
back,leverage-high-row,30,20,-632,679,-377
back,leverage-high-row,30,20,-647,688,-406
back,leverage-high-row,30,20,-648,688,-408
back,leverage-high-row,30,20,-633,652,-299
back,leverage-high-row,30,20,-596,655,-345
back,leverage-high-row,30,20,-599,649,-310
back,leverage-high-row,30,20,-600,628,-324
back,leverage-high-row,30,20,-553,577,-368
back,leverage-high-row,30,20,-557,548,-389
back,leverage-high-row,30,20,-554,569,-309
back,leverage-high-row,30,20,-515,551,-325
back,leverage-high-row,30,20,-498,508,-257
back,leverage-high-row,30,20,-472,514,-244
back,leverage-high-row,30,20,-441,491,-214
back,leverage-high-row,30,20,-432,480,-267
back,leverage-high-row,30,20,-400,469,-307
back,leverage-high-row,30,20,-373,411,-307
back,leverage-high-row,30,20,-373,394,-187
back,leverage-high-row,30,20,-356,405,-253
back,leverage-high-row,30,20,-306,351,-245
back,leverage-high-row,30,20,-243,340,-184
back,leverage-high-row,30,20,-212,360,-323
back,leverage-high-row,30,20,-212,390,-277
back,leverage-high-row,30,20,-195,420,-190
back,leverage-high-row,30,20,-144,464,-232
back,leverage-high-row,30,20,-139,523,-182
back,leverage-high-row,30,20,-186,555,-102
back,leverage-high-row,30,20,-166,607,-167
back,leverage-high-row,30,20,-112,680,-315
back,leverage-high-row,30,20,-138,728,-342
back,leverage-high-row,30,20,-182,767,-273
back,leverage-high-row,30,20,-204,850,-233
back,leverage-high-row,30,20,-219,955,-323
back,leverage-high-row,30,20,-205,978,-300
back,leverage-high-row,30,20,-232,1050,-315
back,leverage-high-row,30,20,-343,1151,-511
back,leverage-high-row,30,20,-442,1210,-545
back,leverage-high-row,30,20,-448,1220,-488
back,leverage-high-row,30,20,-455,1263,-487
back,leverage-high-row,30,20,-482,1365,-405
back,leverage-high-row,30,20,-489,1356,-405
back,leverage-high-row,30,20,-497,1379,-345
back,leverage-high-row,30,20,-506,1374,-487
back,leverage-high-row,30,20,-517,1269,-565
back,leverage-high-row,30,20,-493,1245,-505
back,leverage-high-row,30,20,-459,1219,-651
back,leverage-high-row,30,20,-402,1253,-685
back,leverage-high-row,30,20,-318,1323,-764
back,leverage-high-row,30,20,-282,1229,-822
back,leverage-high-row,30,20,-353,1120,-480
back,leverage-high-row,30,20,-431,1128,-512
back,leverage-high-row,30,20,-292,1260,-543
back,leverage-high-row,30,20,-197,1074,-544
back,leverage-high-row,30,20,-214,1064,-633
back,leverage-high-row,30,20,-201,1144,-604
back,leverage-high-row,30,20,-171,1052,-664
back,leverage-high-row,30,20,-189,1138,-539
back,leverage-high-row,30,20,-158,1063,-561
back,leverage-high-row,30,20,-139,1055,-568
back,leverage-high-row,30,20,-110,1128,-516
back,leverage-high-row,30,20,-40,1061,-637
back,leverage-high-row,30,20,-18,1071,-715
back,leverage-high-row,30,20,-58,1044,-547
back,leverage-high-row,30,20,-72,1114,-641
back,leverage-high-row,30,20,-55,1041,-593
back,leverage-high-row,30,20,-20,1028,-474
back,leverage-high-row,30,20,-8,1062,-467
back,leverage-high-row,30,20,-24,1040,-491
back,leverage-high-row,30,20,-37,1090,-491
back,leverage-high-row,30,20,-20,1079,-537
back,leverage-high-row,30,20,-41,1053,-573
back,leverage-high-row,30,20,-115,1093,-456
back,leverage-high-row,30,20,-156,1124,-305
back,leverage-high-row,30,20,-151,1111,-420
back,leverage-high-row,30,20,-148,1108,-572
back,leverage-high-row,30,20,-192,1056,-568
back,leverage-high-row,30,20,-290,1042,-502
back,leverage-high-row,30,20,-348,1081,-448
back,leverage-high-row,30,20,-323,1000,-455
back,leverage-high-row,30,20,-320,944,-467
back,leverage-high-row,30,20,-349,995,-488
back,leverage-high-row,30,20,-323,1024,-457
back,leverage-high-row,30,20,-314,963,-313
back,leverage-high-row,30,20,-398,870,-309
back,leverage-high-row,30,20,-431,950,-496
back,leverage-high-row,30,20,-332,979,-417
back,leverage-high-row,30,20,-340,789,-245
back,leverage-high-row,30,20,-434,832,-375
back,leverage-high-row,30,20,-430,896,-404
back,leverage-high-row,30,20,-386,799,-375
back,leverage-high-row,30,20,-352,724,-382
back,leverage-high-row,30,20,-429,781,-327
back,leverage-high-row,30,20,-477,819,-396
back,leverage-high-row,30,20,-417,713,-397
back,leverage-high-row,30,20,-388,719,-293
back,leverage-high-row,30,20,-474,707,-321
back,leverage-high-row,30,20,-487,663,-273
back,leverage-high-row,30,20,-482,658,-359
back,leverage-high-row,30,20,-512,678,-240
back,leverage-high-row,30,20,-504,646,-400
back,leverage-high-row,30,20,-496,584,-408
back,leverage-high-row,30,20,-520,632,-408
back,leverage-high-row,30,20,-559,609,-276
back,leverage-high-row,30,20,-560,608,-318
back,leverage-high-row,30,20,-538,660,-335
back,leverage-high-row,30,20,-551,642,-314
back,leverage-high-row,30,20,-595,597,-269
back,leverage-high-row,30,20,-586,669,-327
back,leverage-high-row,30,20,-604,625,-275
back,leverage-high-row,30,20,-595,616,-337
back,leverage-high-row,30,20,-605,603,-417
back,leverage-high-row,30,20,-589,600,-375
back,leverage-high-row,30,20,-621,600,-341
back,leverage-high-row,30,20,-614,636,-324
back,leverage-high-row,30,20,-608,572,-326
back,leverage-high-row,30,20,-614,555,-351
back,leverage-high-row,30,20,-610,582,-343
back,leverage-high-row,30,20,-592,576,-331
back,leverage-high-row,30,20,-573,573,-365
back,leverage-high-row,30,20,-583,561,-338
back,leverage-high-row,30,20,-597,552,-312
back,leverage-high-row,30,20,-576,547,-355
back,leverage-high-row,30,20,-569,539,-319
back,leverage-high-row,30,20,-576,532,-290
back,leverage-high-row,30,20,-550,528,-334
back,leverage-high-row,30,20,-540,520,-302
back,leverage-high-row,30,20,-540,504,-248
back,leverage-high-row,30,20,-509,500,-298
back,leverage-high-row,30,20,-473,504,-370
back,leverage-high-row,30,20,-474,490,-307
back,leverage-high-row,30,20,-466,452,-166
back,leverage-high-row,30,20,-385,401,-146
back,leverage-high-row,30,20,-331,374,-233
back,leverage-high-row,30,20,-327,393,-309
back,leverage-high-row,30,20,-307,435,-279
back,leverage-high-row,30,20,-283,488,-245
back,leverage-high-row,30,20,-239,498,-248
back,leverage-high-row,30,20,-209,531,-178
back,leverage-high-row,30,20,-243,577,-178
back,leverage-high-row,30,20,-262,608,-256
back,leverage-high-row,30,20,-227,583,-206
back,leverage-high-row,30,20,-236,669,-205
back,leverage-high-row,30,20,-337,692,-234
back,leverage-high-row,30,20,-296,727,-256
back,leverage-high-row,30,20,-267,805,-151
back,leverage-high-row,30,20,-340,845,-237
back,leverage-high-row,30,20,-429,940,-236
back,leverage-high-row,30,20,-464,980,-401
back,leverage-high-row,30,20,-379,1016,-413
back,leverage-high-row,30,20,-431,1019,-366
back,leverage-high-row,30,20,-568,1080,-340
back,leverage-high-row,30,20,-566,1089,-456
back,leverage-high-row,30,20,-402,1167,-440
back,leverage-high-row,30,20,-524,1137,-36
back,leverage-high-row,30,20,-695,1090,-344
back,leverage-high-row,30,20,-585,1200,-531
back,leverage-high-row,30,20,-423,1244,-580
back,leverage-high-row,30,20,-458,1269,-534
back,leverage-high-row,30,20,-611,1167,-556
back,leverage-high-row,30,20,-598,1132,-478
back,leverage-high-row,30,20,-472,1148,-477
back,leverage-high-row,30,20,-376,1172,-487
back,leverage-high-row,30,20,-360,1151,-456
back,leverage-high-row,30,20,-323,1101,-504
back,leverage-high-row,30,20,-324,1094,-538
back,leverage-high-row,30,20,-299,1137,-703
back,leverage-high-row,30,20,-202,1135,-617
back,leverage-high-row,30,20,-140,1095,-571
back,leverage-high-row,30,20,-139,1058,-549
back,leverage-high-row,30,20,-170,1048,-568
back,leverage-high-row,30,20,-184,1028,-508
back,leverage-high-row,30,20,-135,1036,-543
back,leverage-high-row,30,20,-90,1053,-587
back,leverage-high-row,30,20,-99,1061,-584
back,leverage-high-row,30,20,-121,1028,-557
back,leverage-high-row,30,20,-93,1035,-596
back,leverage-high-row,30,20,-47,1039,-586
back,leverage-high-row,30,20,-48,1012,-532
back,leverage-high-row,30,20,-83,993,-486
back,leverage-high-row,30,20,-93,1009,-498
back,leverage-high-row,30,20,-48,1023,-647
back,leverage-high-row,30,20,-32,972,-608
back,leverage-high-row,30,20,-77,989,-435
back,leverage-high-row,30,20,-81,1087,-425
back,leverage-high-row,30,20,-73,1084,-478
back,leverage-high-row,30,20,-137,1022,-545
back,leverage-high-row,30,20,-190,1088,-395
back,leverage-high-row,30,20,-175,1082,-387
back,leverage-high-row,30,20,-212,1071,-425
back,leverage-high-row,30,20,-249,1164,-404
back,leverage-high-row,30,20,-208,1140,-367
back,leverage-high-row,30,20,-235,1104,-295
back,leverage-high-row,30,20,-326,1101,-376
back,leverage-high-row,30,20,-311,1079,-540
back,leverage-high-row,30,20,-283,1039,-329
back,leverage-high-row,30,20,-343,1021,-415
back,leverage-high-row,30,20,-383,952,-435
back,leverage-high-row,30,20,-370,915,-574
back,leverage-high-row,30,20,-313,1075,-219
back,leverage-high-row,30,20,-246,1088,-183
back,leverage-high-row,30,20,-332,870,-393
back,leverage-high-row,30,20,-415,831,-409
back,leverage-high-row,30,20,-376,808,-440
back,leverage-high-row,30,20,-344,768,-392
back,leverage-high-row,30,20,-391,838,-330
back,leverage-high-row,30,20,-460,817,-320
back,leverage-high-row,30,20,-427,771,-462
back,leverage-high-row,30,20,-439,775,-282
back,leverage-high-row,30,20,-476,719,-235
back,leverage-high-row,30,20,-487,775,-295
back,leverage-high-row,30,20,-474,804,-318
back,leverage-high-row,30,20,-492,695,-193
back,leverage-high-row,30,20,-535,705,-285
back,leverage-high-row,30,20,-493,706,-369
back,leverage-high-row,30,20,-455,735,-341
back,leverage-high-row,30,20,-496,672,-340
back,leverage-high-row,30,20,-541,648,-250
back,leverage-high-row,30,20,-552,602,-308
back,leverage-high-row,30,20,-502,634,-327
back,leverage-high-row,30,20,-480,634,-304
back,leverage-high-row,30,20,-506,613,-243
back,leverage-high-row,30,20,-566,623,-257
back,leverage-high-row,30,20,-567,642,-310
back,leverage-high-row,30,20,-528,605,-290
back,leverage-high-row,30,20,-517,599,-292
back,leverage-high-row,30,20,-578,647,-308
back,leverage-high-row,30,20,-628,681,-313
back,leverage-high-row,30,20,-628,688,-345
back,leverage-high-row,30,20,-616,688,-308
back,leverage-high-row,30,20,-631,676,-271
back,leverage-high-row,30,20,-671,653,-278
back,leverage-high-row,30,20,-674,644,-291
back,leverage-high-row,30,20,-663,665,-326
back,leverage-high-row,30,20,-672,685,-299
back,leverage-high-row,30,20,-672,668,-314
back,leverage-high-row,30,20,-666,642,-351
back,leverage-high-row,30,20,-659,646,-353
back,leverage-high-row,30,20,-659,680,-395
back,leverage-high-row,30,20,-633,691,-350
back,leverage-high-row,30,20,-607,675,-349
back,leverage-high-row,30,20,-628,668,-343
back,leverage-high-row,30,20,-640,676,-302
back,leverage-high-row,30,20,-638,666,-311
back,leverage-high-row,30,20,-632,670,-290
back,leverage-high-row,30,20,-633,665,-321
back,leverage-high-row,30,20,-640,671,-293
back,leverage-high-row,30,20,-634,664,-325
back,leverage-high-row,30,20,-604,664,-351
back,leverage-high-row,30,20,-635,667,-344
back,leverage-high-row,30,20,-655,689,-344
back,leverage-high-row,30,20,-647,697,-346
back,leverage-high-row,30,20,-632,705,-373
back,leverage-high-row,30,20,-632,720,-314
back,leverage-high-row,30,20,-640,720,-367
back,leverage-high-row,30,20,-616,712,-313
back,leverage-high-row,30,20,-608,689,-359
back,leverage-high-row,30,20,-616,696,-390
back,leverage-high-row,30,20,-631,681,-310
back,leverage-high-row,30,20,-617,651,-362
back,leverage-high-row,30,20,-616,698,3
back,leverage-high-row,30,20,-791,725,-1578
back,leverage-high-row,30,20,-454,653,600
back,leverage-high-row,30,20,-739,513,843
back,leverage-high-row,30,20,-274,254,1238
back,leverage-high-row,30,20,-412,416,-443
back,leverage-high-row,30,20,-499,689,1215
back,leverage-high-row,30,20,-993,945,-1151
back,leverage-high-row,30,20,-811,949,-626
back,leverage-high-row,30,20,-642,751,-54
back,leverage-high-row,30,20,-646,830,-96
back,leverage-high-row,30,20,-656,739,-439
back,leverage-high-row,30,20,-593,664,-313
back,leverage-high-row,30,20,-631,700,-403
back,leverage-high-row,30,20,-603,690,-388
back,leverage-high-row,30,20,-593,696,-329
back,leverage-high-row,30,20,-621,721,-347
back,leverage-high-row,30,20,-620,724,-340
back,leverage-high-row,30,20,-594,729,-349
back,leverage-high-row,30,20,-588,719,-364
back,leverage-high-row,30,20,-580,708,-360
back,leverage-high-row,30,20,-572,739,-340
back,leverage-high-row,30,20,-584,746,-357
back,leverage-high-row,30,20,-577,724,-364
back,leverage-high-row,30,20,-575,728,-352
back,leverage-high-row,30,20,-587,725,-368
back,leverage-high-row,30,20,-589,720,-353
back,leverage-high-row,30,20,-575,723,-356
back,leverage-high-row,30,20,-565,723,-347
back,leverage-high-row,30,20,-568,709,-347
back,leverage-high-row,30,20,-557,706,-323
back,leverage-high-row,30,20,-570,721,-359
back,leverage-high-row,30,20,-578,736,-340
back,leverage-high-row,30,20,-582,710,-368
back,leverage-high-row,30,20,-581,713,-409
back,leverage-high-row,30,20,-595,746,-382
back,leverage-high-row,30,20,-576,751,-375
back,leverage-high-row,30,20,-576,743,-363
back,leverage-high-row,30,20,-578,740,-335
back,leverage-high-row,30,20,-591,757,-329
back,leverage-high-row,30,20,-584,737,-338
back,leverage-high-row,30,20,-583,742,-351
back,leverage-high-row,30,20,-576,719,-345
back,leverage-high-row,30,20,-576,713,-355
back,leverage-high-row,30,20,-576,736,-414
back,leverage-high-row,30,20,-560,744,-344
