arms,straight-bar-triceps-extension,35,20,952,680,-480
arms,straight-bar-triceps-extension,35,20,976,712,-473
arms,straight-bar-triceps-extension,35,20,1014,752,-458
arms,straight-bar-triceps-extension,35,20,1074,758,-398
arms,straight-bar-triceps-extension,35,20,1142,770,-470
arms,straight-bar-triceps-extension,35,20,1216,790,-676
arms,straight-bar-triceps-extension,35,20,1246,765,-476
arms,straight-bar-triceps-extension,35,20,1266,740,-344
arms,straight-bar-triceps-extension,35,20,1270,724,-480
arms,straight-bar-triceps-extension,35,20,1279,678,-464
arms,straight-bar-triceps-extension,35,20,1292,619,-398
arms,straight-bar-triceps-extension,35,20,1338,569,-452
arms,straight-bar-triceps-extension,35,20,1360,524,-452
arms,straight-bar-triceps-extension,35,20,1360,484,-398
arms,straight-bar-triceps-extension,35,20,1324,462,-311
arms,straight-bar-triceps-extension,35,20,1298,436,-276
arms,straight-bar-triceps-extension,35,20,1302,396,-372
arms,straight-bar-triceps-extension,35,20,1322,346,-365
arms,straight-bar-triceps-extension,35,20,1339,297,-314
arms,straight-bar-triceps-extension,35,20,1289,307,-254
arms,straight-bar-triceps-extension,35,20,1249,380,-322
arms,straight-bar-triceps-extension,35,20,1219,514,-516
arms,straight-bar-triceps-extension,35,20,1220,411,-432
arms,straight-bar-triceps-extension,35,20,1221,318,-314
arms,straight-bar-triceps-extension,35,20,1211,314,-190
arms,straight-bar-triceps-extension,35,20,1204,294,-254
arms,straight-bar-triceps-extension,35,20,1198,268,-406
arms,straight-bar-triceps-extension,35,20,1178,228,-632
arms,straight-bar-triceps-extension,35,20,1146,243,-674
arms,straight-bar-triceps-extension,35,20,1100,313,-534
arms,straight-bar-triceps-extension,35,20,1105,311,-583
arms,straight-bar-triceps-extension,35,20,1114,289,-600
arms,straight-bar-triceps-extension,35,20,1118,239,-496
arms,straight-bar-triceps-extension,35,20,1116,256,-370
arms,straight-bar-triceps-extension,35,20,1112,291,-238
arms,straight-bar-triceps-extension,35,20,1112,241,-138
arms,straight-bar-triceps-extension,35,20,1117,224,-253
arms,straight-bar-triceps-extension,35,20,1127,238,-583
arms,straight-bar-triceps-extension,35,20,1132,276,-422
arms,straight-bar-triceps-extension,35,20,1144,300,-263
arms,straight-bar-triceps-extension,35,20,1168,284,-233
arms,straight-bar-triceps-extension,35,20,1166,256,-308
arms,straight-bar-triceps-extension,35,20,1148,234,-418
arms,straight-bar-triceps-extension,35,20,1114,328,-438
arms,straight-bar-triceps-extension,35,20,1108,381,-418
arms,straight-bar-triceps-extension,35,20,1134,391,-358
arms,straight-bar-triceps-extension,35,20,1096,338,-379
arms,straight-bar-triceps-extension,35,20,1050,314,-427
arms,straight-bar-triceps-extension,35,20,1006,374,-517
arms,straight-bar-triceps-extension,35,20,1027,427,-530
arms,straight-bar-triceps-extension,35,20,1068,469,-503
arms,straight-bar-triceps-extension,35,20,1022,439,-413
arms,straight-bar-triceps-extension,35,20,972,439,-450
arms,straight-bar-triceps-extension,35,20,918,469,-616
arms,straight-bar-triceps-extension,35,20,970,504,-542
arms,straight-bar-triceps-extension,35,20,995,530,-444
arms,straight-bar-triceps-extension,35,20,925,534,-348
arms,straight-bar-triceps-extension,35,20,830,515,-436
arms,straight-bar-triceps-extension,35,20,744,498,-590
arms,straight-bar-triceps-extension,35,20,830,598,-656
arms,straight-bar-triceps-extension,35,20,854,658,-580
arms,straight-bar-triceps-extension,35,20,820,678,-366
arms,straight-bar-triceps-extension,35,20,699,612,-497
arms,straight-bar-triceps-extension,35,20,611,576,-654
arms,straight-bar-triceps-extension,35,20,621,632,-778
arms,straight-bar-triceps-extension,35,20,656,676,-644
arms,straight-bar-triceps-extension,35,20,684,707,-440
arms,straight-bar-triceps-extension,35,20,558,657,-600
arms,straight-bar-triceps-extension,35,20,496,640,-728
arms,straight-bar-triceps-extension,35,20,496,654,-822
arms,straight-bar-triceps-extension,35,20,523,696,-774
arms,straight-bar-triceps-extension,35,20,522,716,-719
arms,straight-bar-triceps-extension,35,20,446,676,-689
arms,straight-bar-triceps-extension,35,20,378,646,-718
arms,straight-bar-triceps-extension,35,20,323,626,-768
arms,straight-bar-triceps-extension,35,20,353,646,-774
arms,straight-bar-triceps-extension,35,20,350,644,-724
arms,straight-bar-triceps-extension,35,20,316,618,-618
arms,straight-bar-triceps-extension,35,20,236,607,-716
arms,straight-bar-triceps-extension,35,20,176,603,-798
arms,straight-bar-triceps-extension,35,20,176,613,-794
arms,straight-bar-triceps-extension,35,20,172,626,-806
arms,straight-bar-triceps-extension,35,20,167,644,-830
arms,straight-bar-triceps-extension,35,20,157,684,-890
arms,straight-bar-triceps-extension,35,20,137,696,-840
arms,straight-bar-triceps-extension,35,20,107,682,-680
arms,straight-bar-triceps-extension,35,20,59,658,-781
arms,straight-bar-triceps-extension,35,20,10,640,-856
arms,straight-bar-triceps-extension,35,20,-34,640,-800
arms,straight-bar-triceps-extension,35,20,-41,647,-816
arms,straight-bar-triceps-extension,35,20,-32,658,-850
arms,straight-bar-triceps-extension,35,20,-26,672,-796
arms,straight-bar-triceps-extension,35,20,-42,675,-763
arms,straight-bar-triceps-extension,35,20,-76,665,-753
arms,straight-bar-triceps-extension,35,20,-107,637,-748
arms,straight-bar-triceps-extension,35,20,-136,614,-726
arms,straight-bar-triceps-extension,35,20,-160,610,-666
arms,straight-bar-triceps-extension,35,20,-182,590,-680
arms,straight-bar-triceps-extension,35,20,-203,562,-709
arms,straight-bar-triceps-extension,35,20,-233,502,-599
arms,straight-bar-triceps-extension,35,20,-280,447,-554
arms,straight-bar-triceps-extension,35,20,-346,397,-574
arms,straight-bar-triceps-extension,35,20,-392,334,-482
arms,straight-bar-triceps-extension,35,20,-436,264,-392
arms,straight-bar-triceps-extension,35,20,-476,184,-336
arms,straight-bar-triceps-extension,35,20,-512,128,-288
arms,straight-bar-triceps-extension,35,20,-546,86,-248
arms,straight-bar-triceps-extension,35,20,-572,66,-254
arms,straight-bar-triceps-extension,35,20,-592,44,-226
arms,straight-bar-triceps-extension,35,20,-606,18,-166
arms,straight-bar-triceps-extension,35,20,-604,56,-182
arms,straight-bar-triceps-extension,35,20,-600,88,-200
arms,straight-bar-triceps-extension,35,20,1080,424,-704
arms,straight-bar-triceps-extension,35,20,1157,403,-498
arms,straight-bar-triceps-extension,35,20,1257,380,-232
arms,straight-bar-triceps-extension,35,20,1267,420,-238
arms,straight-bar-triceps-extension,35,20,1257,460,-345
arms,straight-bar-triceps-extension,35,20,1227,500,-555
arms,straight-bar-triceps-extension,35,20,1197,504,-662
arms,straight-bar-triceps-extension,35,20,1173,508,-668
arms,straight-bar-triceps-extension,35,20,1163,524,-468
arms,straight-bar-triceps-extension,35,20,1153,524,-384
arms,straight-bar-triceps-extension,35,20,1140,518,-359
arms,straight-bar-triceps-extension,35,20,1106,492,-429
arms,straight-bar-triceps-extension,35,20,1088,510,-484
arms,straight-bar-triceps-extension,35,20,1088,570,-524
arms,straight-bar-triceps-extension,35,20,1097,648,-550
arms,straight-bar-triceps-extension,35,20,1096,677,-546
arms,straight-bar-triceps-extension,35,20,1072,587,-470
arms,straight-bar-triceps-extension,35,20,1008,598,-427
arms,straight-bar-triceps-extension,35,20,934,650,-411
arms,straight-bar-triceps-extension,35,20,920,676,-521
arms,straight-bar-triceps-extension,35,20,892,688,-536
arms,straight-bar-triceps-extension,35,20,852,688,-456
arms,straight-bar-triceps-extension,35,20,830,674,-398
arms,straight-bar-triceps-extension,35,20,810,658,-368
arms,straight-bar-triceps-extension,35,20,790,638,-392
arms,straight-bar-triceps-extension,35,20,766,646,-484
arms,straight-bar-triceps-extension,35,20,743,666,-578
arms,straight-bar-triceps-extension,35,20,733,680,-438
arms,straight-bar-triceps-extension,35,20,683,696,-443
arms,straight-bar-triceps-extension,35,20,593,710,-593
arms,straight-bar-triceps-extension,35,20,562,734,-738
arms,straight-bar-triceps-extension,35,20,541,755,-810
arms,straight-bar-triceps-extension,35,20,531,765,-710
arms,straight-bar-triceps-extension,35,20,496,761,-638
arms,straight-bar-triceps-extension,35,20,448,754,-601
arms,straight-bar-triceps-extension,35,20,368,768,-771
arms,straight-bar-triceps-extension,35,20,316,754,-834
arms,straight-bar-triceps-extension,35,20,290,708,-788
arms,straight-bar-triceps-extension,35,20,243,708,-816
arms,straight-bar-triceps-extension,35,20,200,712,-816
arms,straight-bar-triceps-extension,35,20,176,712,-736
arms,straight-bar-triceps-extension,35,20,150,691,-688
arms,straight-bar-triceps-extension,35,20,124,662,-666
arms,straight-bar-triceps-extension,35,20,84,642,-766
arms,straight-bar-triceps-extension,35,20,44,672,-844
arms,straight-bar-triceps-extension,35,20,4,752,-898
arms,straight-bar-triceps-extension,35,20,22,733,-720
arms,straight-bar-triceps-extension,35,20,34,710,-609
arms,straight-bar-triceps-extension,35,20,14,706,-719
arms,straight-bar-triceps-extension,35,20,-20,711,-787
arms,straight-bar-triceps-extension,35,20,-58,716,-830
arms,straight-bar-triceps-extension,35,20,-84,682,-816
arms,straight-bar-triceps-extension,35,20,-111,639,-798
arms,straight-bar-triceps-extension,35,20,-141,589,-778
arms,straight-bar-triceps-extension,35,20,-166,526,-569
arms,straight-bar-triceps-extension,35,20,-194,484,-482
arms,straight-bar-triceps-extension,35,20,-230,500,-726
arms,straight-bar-triceps-extension,35,20,-258,424,-590
arms,straight-bar-triceps-extension,35,20,-286,310,-324
arms,straight-bar-triceps-extension,35,20,-340,210,-358
arms,straight-bar-triceps-extension,35,20,-420,120,-284
arms,straight-bar-triceps-extension,35,20,-526,40,-98
arms,straight-bar-triceps-extension,35,20,-572,36,-269
arms,straight-bar-triceps-extension,35,20,-606,36,-336
arms,straight-bar-triceps-extension,35,20,-626,20,-72
arms,straight-bar-triceps-extension,35,20,-600,65,-125
arms,straight-bar-triceps-extension,35,20,-558,134,-280
arms,straight-bar-triceps-extension,35,20,-544,188,-114
arms,straight-bar-triceps-extension,35,20,-518,196,-80
arms,straight-bar-triceps-extension,35,20,-484,156,-174
arms,straight-bar-triceps-extension,35,20,-471,156,-162
arms,straight-bar-triceps-extension,35,20,-470,150,-118
arms,straight-bar-triceps-extension,35,20,-490,114,-34
arms,straight-bar-triceps-extension,35,20,-492,97,-64
arms,straight-bar-triceps-extension,35,20,-484,86,-142
arms,straight-bar-triceps-extension,35,20,-444,60,-196
arms,straight-bar-triceps-extension,35,20,-404,28,-236
arms,straight-bar-triceps-extension,35,20,-364,-12,-262
arms,straight-bar-triceps-extension,35,20,-360,-2,-345
arms,straight-bar-triceps-extension,35,20,-352,47,-474
arms,straight-bar-triceps-extension,35,20,-328,177,-694
arms,straight-bar-triceps-extension,35,20,-334,318,-655
arms,straight-bar-triceps-extension,35,20,-349,461,-534
arms,straight-bar-triceps-extension,35,20,-319,591,-674
arms,straight-bar-triceps-extension,35,20,-269,666,-746
arms,straight-bar-triceps-extension,35,20,-199,686,-752
arms,straight-bar-triceps-extension,35,20,-160,620,-612
arms,straight-bar-triceps-extension,35,20,-133,559,-496
arms,straight-bar-triceps-extension,35,20,-123,529,-472
arms,straight-bar-triceps-extension,35,20,-88,502,-496
arms,straight-bar-triceps-extension,35,20,-44,475,-530
arms,straight-bar-triceps-extension,35,20,-4,425,-470
arms,straight-bar-triceps-extension,35,20,41,392,-448
arms,straight-bar-triceps-extension,35,20,91,378,-462
arms,straight-bar-triceps-extension,35,20,136,385,-491
arms,straight-bar-triceps-extension,35,20,188,407,-498
arms,straight-bar-triceps-extension,35,20,252,457,-454
arms,straight-bar-triceps-extension,35,20,304,514,-464
arms,straight-bar-triceps-extension,35,20,348,576,-504
arms,straight-bar-triceps-extension,35,20,388,656,-590
arms,straight-bar-triceps-extension,35,20,450,701,-610
arms,straight-bar-triceps-extension,35,20,536,711,-564
arms,straight-bar-triceps-extension,35,20,589,744,-569
arms,straight-bar-triceps-extension,35,20,651,788,-570
arms,straight-bar-triceps-extension,35,20,741,852,-550
arms,straight-bar-triceps-extension,35,20,834,876,-568
arms,straight-bar-triceps-extension,35,20,926,876,-606
arms,straight-bar-triceps-extension,35,20,986,836,-660
arms,straight-bar-triceps-extension,35,20,1041,804,-650
arms,straight-bar-triceps-extension,35,20,1091,778,-576
arms,straight-bar-triceps-extension,35,20,1150,722,-469
arms,straight-bar-triceps-extension,35,20,1192,680,-392
arms,straight-bar-triceps-extension,35,20,-488,208,-296
arms,straight-bar-triceps-extension,35,20,-554,124,-212
arms,straight-bar-triceps-extension,35,20,-646,13,-102
arms,straight-bar-triceps-extension,35,20,-706,-17,-88
arms,straight-bar-triceps-extension,35,20,-701,-50,-22
arms,straight-bar-triceps-extension,35,20,-631,-84,92
arms,straight-bar-triceps-extension,35,20,-556,-97,36
arms,straight-bar-triceps-extension,35,20,-492,-100,8
arms,straight-bar-triceps-extension,35,20,-452,-84,88
arms,straight-bar-triceps-extension,35,20,-440,-24,10
arms,straight-bar-triceps-extension,35,20,-440,50,-102
arms,straight-bar-triceps-extension,35,20,-446,64,84
arms,straight-bar-triceps-extension,35,20,-463,84,6
arms,straight-bar-triceps-extension,35,20,-493,110,-334
arms,straight-bar-triceps-extension,35,20,-464,130,-300
arms,straight-bar-triceps-extension,35,20,-442,140,-230
arms,straight-bar-triceps-extension,35,20,-446,124,-170
arms,straight-bar-triceps-extension,35,20,-469,144,-327
arms,straight-bar-triceps-extension,35,20,-494,183,-543
arms,straight-bar-triceps-extension,35,20,-468,253,-453
arms,straight-bar-triceps-extension,35,20,-431,290,-388
arms,straight-bar-triceps-extension,35,20,-381,296,-348
arms,straight-bar-triceps-extension,35,20,-358,336,-362
arms,straight-bar-triceps-extension,35,20,-314,383,-386
arms,straight-bar-triceps-extension,35,20,-214,433,-422
arms,straight-bar-triceps-extension,35,20,-110,518,-450
arms,straight-bar-triceps-extension,35,20,-8,612,-476
arms,straight-bar-triceps-extension,35,20,72,658,-522
arms,straight-bar-triceps-extension,35,20,127,668,-499
arms,straight-bar-triceps-extension,35,20,157,642,-409
arms,straight-bar-triceps-extension,35,20,205,626,-450
arms,straight-bar-triceps-extension,35,20,268,625,-528
arms,straight-bar-triceps-extension,35,20,364,655,-664
arms,straight-bar-triceps-extension,35,20,420,671,-652
arms,straight-bar-triceps-extension,35,20,457,679,-592
arms,straight-bar-triceps-extension,35,20,467,669,-672
arms,straight-bar-triceps-extension,35,20,487,674,-670
arms,straight-bar-triceps-extension,35,20,517,694,-584
arms,straight-bar-triceps-extension,35,20,578,714,-562
arms,straight-bar-triceps-extension,35,20,651,752,-556
arms,straight-bar-triceps-extension,35,20,741,832,-572
arms,straight-bar-triceps-extension,35,20,831,786,-415
arms,straight-bar-triceps-extension,35,20,920,698,-220
arms,straight-bar-triceps-extension,35,20,994,712,-334
arms,straight-bar-triceps-extension,35,20,1042,672,-360
arms,straight-bar-triceps-extension,35,20,1062,578,-294
arms,straight-bar-triceps-extension,35,20,1055,577,-302
arms,straight-bar-triceps-extension,35,20,1062,574,-296
arms,straight-bar-triceps-extension,35,20,1106,538,-240
arms,straight-bar-triceps-extension,35,20,1166,482,-252
arms,straight-bar-triceps-extension,35,20,1230,432,-308
arms,straight-bar-triceps-extension,35,20,1284,506,-502
arms,straight-bar-triceps-extension,35,20,1352,562,-518
arms,straight-bar-triceps-extension,35,20,1432,596,-352
arms,straight-bar-triceps-extension,35,20,1449,568,-224
arms,straight-bar-triceps-extension,35,20,1438,529,-158
arms,straight-bar-triceps-extension,35,20,1378,479,-234
arms,straight-bar-triceps-extension,35,20,1392,450,-270
arms,straight-bar-triceps-extension,35,20,1438,446,-304
arms,straight-bar-triceps-extension,35,20,1498,580,-458
arms,straight-bar-triceps-extension,35,20,1523,610,-461
arms,straight-bar-triceps-extension,35,20,1513,536,-311
arms,straight-bar-triceps-extension,35,20,1400,402,-143
arms,straight-bar-triceps-extension,35,20,1296,290,-26
arms,straight-bar-triceps-extension,35,20,1240,246,-30
arms,straight-bar-triceps-extension,35,20,1238,197,-60
arms,straight-bar-triceps-extension,35,20,1258,150,-114
arms,straight-bar-triceps-extension,35,20,1278,136,-288
arms,straight-bar-triceps-extension,35,20,1270,136,-388
arms,straight-bar-triceps-extension,35,20,1236,150,-414
arms,straight-bar-triceps-extension,35,20,1214,152,-398
arms,straight-bar-triceps-extension,35,20,1192,162,-369
arms,straight-bar-triceps-extension,35,20,1168,198,-319
arms,straight-bar-triceps-extension,35,20,1160,215,-252
arms,straight-bar-triceps-extension,35,20,1162,218,-192
arms,straight-bar-triceps-extension,35,20,1188,164,-272
arms,straight-bar-triceps-extension,35,20,1198,124,-220
arms,straight-bar-triceps-extension,35,20,1192,98,-34
arms,straight-bar-triceps-extension,35,20,1124,186,178
arms,straight-bar-triceps-extension,35,20,1069,277,202
arms,straight-bar-triceps-extension,35,20,1059,347,-218
arms,straight-bar-triceps-extension,35,20,1108,354,-326
arms,straight-bar-triceps-extension,35,20,1175,340,-284
arms,straight-bar-triceps-extension,35,20,1165,380,-84
arms,straight-bar-triceps-extension,35,20,1118,422,-34
arms,straight-bar-triceps-extension,35,20,1032,468,-134
arms,straight-bar-triceps-extension,35,20,1038,499,-562
arms,straight-bar-triceps-extension,35,20,1080,498,-831
arms,straight-bar-triceps-extension,35,20,1184,422,-641
arms,straight-bar-triceps-extension,35,20,1181,400,-514
arms,straight-bar-triceps-extension,35,20,1128,406,-435
arms,straight-bar-triceps-extension,35,20,1054,466,-545
arms,straight-bar-triceps-extension,35,20,1024,478,-508
arms,straight-bar-triceps-extension,35,20,1038,444,-322
arms,straight-bar-triceps-extension,35,20,1031,458,-246
arms,straight-bar-triceps-extension,35,20,1002,508,-341
arms,straight-bar-triceps-extension,35,20,926,628,-811
arms,straight-bar-triceps-extension,35,20,956,692,-903
arms,straight-bar-triceps-extension,35,20,1024,720,-802
arms,straight-bar-triceps-extension,35,20,1024,646,-416
arms,straight-bar-triceps-extension,35,20,974,623,-372
arms,straight-bar-triceps-extension,35,20,874,653,-666
arms,straight-bar-triceps-extension,35,20,891,719,-800
arms,straight-bar-triceps-extension,35,20,922,778,-804
arms,straight-bar-triceps-extension,35,20,958,814,-548
arms,straight-bar-triceps-extension,35,20,894,772,-434
arms,straight-bar-triceps-extension,35,20,794,702,-402
arms,straight-bar-triceps-extension,35,20,728,688,-582
arms,straight-bar-triceps-extension,35,20,711,730,-680
arms,straight-bar-triceps-extension,35,20,741,830,-694
arms,straight-bar-triceps-extension,35,20,735,782,-530
arms,straight-bar-triceps-extension,35,20,728,736,-400
arms,straight-bar-triceps-extension,35,20,1120,776,24
arms,straight-bar-triceps-extension,35,20,1130,864,-39
arms,straight-bar-triceps-extension,35,20,1152,956,-116
arms,straight-bar-triceps-extension,35,20,1226,756,-76
arms,straight-bar-triceps-extension,35,20,1266,501,-24
arms,straight-bar-triceps-extension,35,20,1272,191,42
arms,straight-bar-triceps-extension,35,20,1290,-150,116
arms,straight-bar-triceps-extension,35,20,1319,-306,74
arms,straight-bar-triceps-extension,35,20,1369,-22,-242
arms,straight-bar-triceps-extension,35,20,1388,256,-396
arms,straight-bar-triceps-extension,35,20,1386,480,-468
arms,straight-bar-triceps-extension,35,20,1326,234,-422
arms,straight-bar-triceps-extension,35,20,1228,144,-450
arms,straight-bar-triceps-extension,35,20,1094,210,-550
arms,straight-bar-triceps-extension,35,20,1107,288,-542
arms,straight-bar-triceps-extension,35,20,1140,320,-477
arms,straight-bar-triceps-extension,35,20,1180,240,-307
arms,straight-bar-triceps-extension,35,20,1108,195,-263
arms,straight-bar-triceps-extension,35,20,996,172,-279
arms,straight-bar-triceps-extension,35,20,962,212,-349
arms,straight-bar-triceps-extension,35,20,1006,200,-436
arms,straight-bar-triceps-extension,35,20,1132,134,-542
arms,straight-bar-triceps-extension,35,20,1189,168,-404
arms,straight-bar-triceps-extension,35,20,1209,190,-256
arms,straight-bar-triceps-extension,35,20,1159,154,-152
arms,straight-bar-triceps-extension,35,20,1088,134,-155
arms,straight-bar-triceps-extension,35,20,1024,137,-227
arms,straight-bar-triceps-extension,35,20,1110,307,-497
arms,straight-bar-triceps-extension,35,20,1214,444,-630
arms,straight-bar-triceps-extension,35,20,1340,550,-624
arms,straight-bar-triceps-extension,35,20,1253,515,-520
arms,straight-bar-triceps-extension,35,20,1158,458,-422
arms,straight-bar-triceps-extension,35,20,1098,382,-362
arms,straight-bar-triceps-extension,35,20,1098,406,-530
arms,straight-bar-triceps-extension,35,20,1121,474,-762
arms,straight-bar-triceps-extension,35,20,1131,568,-708
arms,straight-bar-triceps-extension,35,20,1124,596,-608
arms,straight-bar-triceps-extension,35,20,1098,556,-462
arms,straight-bar-triceps-extension,35,20,1046,556,-650
arms,straight-bar-triceps-extension,35,20,1006,586,-812
arms,straight-bar-triceps-extension,35,20,1002,670,-828
arms,straight-bar-triceps-extension,35,20,1004,717,-710
arms,straight-bar-triceps-extension,35,20,1002,736,-552
arms,straight-bar-triceps-extension,35,20,942,650,-552
arms,straight-bar-triceps-extension,35,20,900,640,-630
arms,straight-bar-triceps-extension,35,20,874,706,-784
arms,straight-bar-triceps-extension,35,20,850,721,-706
arms,straight-bar-triceps-extension,35,20,805,714,-596
arms,straight-bar-triceps-extension,35,20,715,670,-476
arms,straight-bar-triceps-extension,35,20,642,649,-562
arms,straight-bar-triceps-extension,35,20,584,644,-732
arms,straight-bar-triceps-extension,35,20,578,690,-858
arms,straight-bar-triceps-extension,35,20,561,707,-822
arms,straight-bar-triceps-extension,35,20,531,697,-628
arms,straight-bar-triceps-extension,35,20,488,660,-604
arms,straight-bar-triceps-extension,35,20,434,638,-646
arms,straight-bar-triceps-extension,35,20,358,658,-802
arms,straight-bar-triceps-extension,35,20,322,671,-841
arms,straight-bar-triceps-extension,35,20,300,674,-814
arms,straight-bar-triceps-extension,35,20,266,620,-634
arms,straight-bar-triceps-extension,35,20,198,580,-619
arms,straight-bar-triceps-extension,35,20,98,554,-769
arms,straight-bar-triceps-extension,35,20,56,566,-806
arms,straight-bar-triceps-extension,35,20,30,572,-808
arms,straight-bar-triceps-extension,35,20,26,556,-752
arms,straight-bar-triceps-extension,35,20,-14,531,-771
arms,straight-bar-triceps-extension,35,20,-70,504,-809
arms,straight-bar-triceps-extension,35,20,-124,498,-739
arms,straight-bar-triceps-extension,35,20,-167,484,-702
arms,straight-bar-triceps-extension,35,20,-197,458,-696
arms,straight-bar-triceps-extension,35,20,-200,438,-610
arms,straight-bar-triceps-extension,35,20,-212,424,-559
arms,straight-bar-triceps-extension,35,20,-252,424,-609
arms,straight-bar-triceps-extension,35,20,-296,406,-589
arms,straight-bar-triceps-extension,35,20,-338,379,-534
arms,straight-bar-triceps-extension,35,20,-358,329,-434
arms,straight-bar-triceps-extension,35,20,-388,269,-396
arms,straight-bar-triceps-extension,35,20,-428,199,-422
arms,straight-bar-triceps-extension,35,20,-468,147,-325
arms,straight-bar-triceps-extension,35,20,-516,97,-244
arms,straight-bar-triceps-extension,35,20,-580,47,-228
arms,straight-bar-triceps-extension,35,20,-628,0,-140
arms,straight-bar-triceps-extension,35,20,-663,-46,-29
arms,straight-bar-triceps-extension,35,20,-653,-100,1
arms,straight-bar-triceps-extension,35,20,-640,-138,36
arms,straight-bar-triceps-extension,35,20,-626,-158,76
arms,straight-bar-triceps-extension,35,20,-602,-138,76
arms,straight-bar-triceps-extension,35,20,-570,-112,52
arms,straight-bar-triceps-extension,35,20,-526,-88,-12
arms,straight-bar-triceps-extension,35,20,-519,-66,-46
arms,straight-bar-triceps-extension,35,20,-530,-42,-71
arms,straight-bar-triceps-extension,35,20,-556,12,-141
arms,straight-bar-triceps-extension,35,20,-566,58,-141
arms,straight-bar-triceps-extension,35,20,-560,92,-71
arms,straight-bar-triceps-extension,35,20,-520,38,-172
arms,straight-bar-triceps-extension,35,20,-470,-4,-238
arms,straight-bar-triceps-extension,35,20,-410,12,-178
arms,straight-bar-triceps-extension,35,20,-364,65,-265
arms,straight-bar-triceps-extension,35,20,-327,132,-410
arms,straight-bar-triceps-extension,35,20,-317,178,-504
arms,straight-bar-triceps-extension,35,20,-330,235,-517
arms,straight-bar-triceps-extension,35,20,-364,305,-447
arms,straight-bar-triceps-extension,35,20,-386,352,-539
arms,straight-bar-triceps-extension,35,20,-392,394,-618
arms,straight-bar-triceps-extension,35,20,-368,430,-622
arms,straight-bar-triceps-extension,35,20,-286,440,-617
arms,straight-bar-triceps-extension,35,20,-186,440,-592
arms,straight-bar-triceps-extension,35,20,-132,440,-438
arms,straight-bar-triceps-extension,35,20,-102,445,-435
arms,straight-bar-triceps-extension,35,20,-96,455,-585
arms,straight-bar-triceps-extension,35,20,-24,478,-555
arms,straight-bar-triceps-extension,35,20,32,496,-520
arms,straight-bar-triceps-extension,35,20,352,680,-632
arms,straight-bar-triceps-extension,35,20,306,648,-681
arms,straight-bar-triceps-extension,35,20,247,608,-740
arms,straight-bar-triceps-extension,35,20,237,602,-694
arms,straight-bar-triceps-extension,35,20,222,628,-687
arms,straight-bar-triceps-extension,35,20,202,682,-717
arms,straight-bar-triceps-extension,35,20,182,710,-698
arms,straight-bar-triceps-extension,35,20,162,718,-698
arms,straight-bar-triceps-extension,35,20,142,682,-758
arms,straight-bar-triceps-extension,35,20,101,662,-752
arms,straight-bar-triceps-extension,35,20,53,650,-725
arms,straight-bar-triceps-extension,35,20,23,664,-775
arms,straight-bar-triceps-extension,35,20,-10,660,-738
arms,straight-bar-triceps-extension,35,20,-44,634,-612
arms,straight-bar-triceps-extension,35,20,-70,623,-699
arms,straight-bar-triceps-extension,35,20,-91,614,-758
arms,straight-bar-triceps-extension,35,20,-101,610,-698
arms,straight-bar-triceps-extension,35,20,-132,559,-606
arms,straight-bar-triceps-extension,35,20,-177,497,-527
arms,straight-bar-triceps-extension,35,20,-267,507,-677
arms,straight-bar-triceps-extension,35,20,-327,522,-750
arms,straight-bar-triceps-extension,35,20,-357,542,-744
arms,straight-bar-triceps-extension,35,20,-338,486,-663
arms,straight-bar-triceps-extension,35,20,-322,410,-590
arms,straight-bar-triceps-extension,35,20,-326,310,-554
arms,straight-bar-triceps-extension,35,20,-377,224,-425
arms,straight-bar-triceps-extension,35,20,-447,148,-276
arms,straight-bar-triceps-extension,35,20,-517,114,-316
arms,straight-bar-triceps-extension,35,20,-562,74,-291
arms,straight-bar-triceps-extension,35,20,-582,28,-201
arms,straight-bar-triceps-extension,35,20,-575,-3,-188
arms,straight-bar-triceps-extension,35,20,-570,-20,-163
arms,straight-bar-triceps-extension,35,20,-574,-4,-93
arms,straight-bar-triceps-extension,35,20,-566,10,-90
arms,straight-bar-triceps-extension,35,20,-551,28,-111
arms,straight-bar-triceps-extension,35,20,-541,62,-101
arms,straight-bar-triceps-extension,35,20,-528,92,-104
arms,straight-bar-triceps-extension,35,20,-514,118,-118
arms,straight-bar-triceps-extension,35,20,-521,142,-116
arms,straight-bar-triceps-extension,35,20,-525,154,-102
arms,straight-bar-triceps-extension,35,20,-515,134,-66
arms,straight-bar-triceps-extension,35,20,-512,124,-88
arms,straight-bar-triceps-extension,35,20,-508,118,-130
arms,straight-bar-triceps-extension,35,20,-474,98,-150
arms,straight-bar-triceps-extension,35,20,-428,53,-135
arms,straight-bar-triceps-extension,35,20,-374,-17,-85
arms,straight-bar-triceps-extension,35,20,-332,75,-332
arms,straight-bar-triceps-extension,35,20,-302,173,-555
arms,straight-bar-triceps-extension,35,20,-298,243,-645
arms,straight-bar-triceps-extension,35,20,-289,274,-556
arms,straight-bar-triceps-extension,35,20,-280,296,-424
arms,straight-bar-triceps-extension,35,20,-286,376,-590
arms,straight-bar-triceps-extension,35,20,-240,458,-710
arms,straight-bar-triceps-extension,35,20,-146,544,-784
arms,straight-bar-triceps-extension,35,20,-32,566,-711
arms,straight-bar-triceps-extension,35,20,36,576,-640
arms,straight-bar-triceps-extension,35,20,-4,576,-616
arms,straight-bar-triceps-extension,35,20,5,597,-576
arms,straight-bar-triceps-extension,35,20,40,626,-536
arms,straight-bar-triceps-extension,35,20,120,640,-536
arms,straight-bar-triceps-extension,35,20,195,663,-511
arms,straight-bar-triceps-extension,35,20,265,693,-461
arms,straight-bar-triceps-extension,35,20,340,700,-492
arms,straight-bar-triceps-extension,35,20,401,707,-518
arms,straight-bar-triceps-extension,35,20,431,717,-514
arms,straight-bar-triceps-extension,35,20,489,713,-466
arms,straight-bar-triceps-extension,35,20,560,705,-412
arms,straight-bar-triceps-extension,35,20,634,715,-458
arms,straight-bar-triceps-extension,35,20,714,732,-505
arms,straight-bar-triceps-extension,35,20,800,758,-555
arms,straight-bar-triceps-extension,35,20,866,746,-456
arms,straight-bar-triceps-extension,35,20,927,739,-386
arms,straight-bar-triceps-extension,35,20,977,749,-422
arms,straight-bar-triceps-extension,35,20,1044,770,-442
arms,straight-bar-triceps-extension,35,20,1121,788,-454
arms,straight-bar-triceps-extension,35,20,1211,748,-428
arms,straight-bar-triceps-extension,35,20,1258,726,-434
arms,straight-bar-triceps-extension,35,20,1264,720,-468
arms,straight-bar-triceps-extension,35,20,1264,657,-346
arms,straight-bar-triceps-extension,35,20,1268,614,-250
arms,straight-bar-triceps-extension,35,20,1284,634,-254
arms,straight-bar-triceps-extension,35,20,1306,612,-266
arms,straight-bar-triceps-extension,35,20,1328,576,-290
arms,straight-bar-triceps-extension,35,20,1328,582,-396
arms,straight-bar-triceps-extension,35,20,1323,544,-383
arms,straight-bar-triceps-extension,35,20,1313,464,-253
arms,straight-bar-triceps-extension,35,20,1316,492,-276
arms,straight-bar-triceps-extension,35,20,1323,510,-288
arms,straight-bar-triceps-extension,35,20,1333,474,-232
arms,straight-bar-triceps-extension,35,20,1336,440,-230
arms,straight-bar-triceps-extension,35,20,1336,410,-249
arms,straight-bar-triceps-extension,35,20,1330,436,-259
arms,straight-bar-triceps-extension,35,20,1320,470,-284
arms,straight-bar-triceps-extension,35,20,1306,516,-324
arms,straight-bar-triceps-extension,35,20,1313,448,-332
arms,straight-bar-triceps-extension,35,20,1322,390,-342
arms,straight-bar-triceps-extension,35,20,1326,386,-362
arms,straight-bar-triceps-extension,35,20,1296,332,-336
arms,straight-bar-triceps-extension,35,20,1252,263,-296
arms,straight-bar-triceps-extension,35,20,1206,253,-302
arms,straight-bar-triceps-extension,35,20,1172,268,-299
arms,straight-bar-triceps-extension,35,20,1146,308,-289
arms,straight-bar-triceps-extension,35,20,1130,294,-171
arms,straight-bar-triceps-extension,35,20,1111,262,-80
arms,straight-bar-triceps-extension,35,20,1081,202,-80
arms,straight-bar-triceps-extension,35,20,1079,219,-62
arms,straight-bar-triceps-extension,35,20,1093,263,-40
arms,straight-bar-triceps-extension,35,20,1143,253,-40
arms,straight-bar-triceps-extension,35,20,1170,278,-90
arms,straight-bar-triceps-extension,35,20,1176,338,-190
arms,straight-bar-triceps-extension,35,20,1158,294,-70
arms,straight-bar-triceps-extension,35,20,1144,256,32
arms,straight-bar-triceps-extension,35,20,-424,16,-416
arms,straight-bar-triceps-extension,35,20,-386,65,-416
arms,straight-bar-triceps-extension,35,20,-333,132,-408
arms,straight-bar-triceps-extension,35,20,-303,178,-334
arms,straight-bar-triceps-extension,35,20,-288,252,-411
arms,straight-bar-triceps-extension,35,20,-288,358,-641
arms,straight-bar-triceps-extension,35,20,-220,498,-758
arms,straight-bar-triceps-extension,35,20,-138,603,-764
arms,straight-bar-triceps-extension,35,20,-38,613,-540
arms,straight-bar-triceps-extension,35,20,-12,640,-574
arms,straight-bar-triceps-extension,35,20,-14,670,-688
arms,straight-bar-triceps-extension,35,20,6,650,-534
arms,straight-bar-triceps-extension,35,20,61,648,-474
arms,straight-bar-triceps-extension,35,20,151,662,-508
arms,straight-bar-triceps-extension,35,20,246,664,-534
arms,straight-bar-triceps-extension,35,20,320,670,-567
arms,straight-bar-triceps-extension,35,20,344,690,-617
arms,straight-bar-triceps-extension,35,20,401,689,-611
arms,straight-bar-triceps-extension,35,20,468,680,-576
arms,straight-bar-triceps-extension,35,20,508,686,-490
arms,straight-bar-triceps-extension,35,20,560,698,-473
arms,straight-bar-triceps-extension,35,20,626,718,-523
arms,straight-bar-triceps-extension,35,20,700,738,-532
arms,straight-bar-triceps-extension,35,20,778,752,-542
arms,straight-bar-triceps-extension,35,20,862,752,-562
arms,straight-bar-triceps-extension,35,20,934,728,-452
arms,straight-bar-triceps-extension,35,20,997,696,-302
arms,straight-bar-triceps-extension,35,20,1047,690,-282
arms,straight-bar-triceps-extension,35,20,1107,688,-292
arms,straight-bar-triceps-extension,35,20,1177,688,-332
arms,straight-bar-triceps-extension,35,20,1224,630,-300
arms,straight-bar-triceps-extension,35,20,1266,602,-294
arms,straight-bar-triceps-extension,35,20,1302,662,-370
arms,straight-bar-triceps-extension,35,20,1347,666,-343
arms,straight-bar-triceps-extension,35,20,1396,646,-278
arms,straight-bar-triceps-extension,35,20,1430,626,-258
arms,straight-bar-triceps-extension,35,20,1450,598,-246
arms,straight-bar-triceps-extension,35,20,1456,564,-240
arms,straight-bar-triceps-extension,35,20,1460,574,-298
arms,straight-bar-triceps-extension,35,20,1468,569,-340
arms,straight-bar-triceps-extension,35,20,1484,519,-324
arms,straight-bar-triceps-extension,35,20,1478,483,-296
arms,straight-bar-triceps-extension,35,20,1458,447,-262
arms,straight-bar-triceps-extension,35,20,1398,357,-248
arms,straight-bar-triceps-extension,35,20,1338,317,-288
arms,straight-bar-triceps-extension,35,20,1278,327,-382
arms,straight-bar-triceps-extension,35,20,1263,314,-316
arms,straight-bar-triceps-extension,35,20,1246,296,-265
arms,straight-bar-triceps-extension,35,20,1210,272,-295
arms,straight-bar-triceps-extension,35,20,1182,226,-266
arms,straight-bar-triceps-extension,35,20,1160,176,-218
arms,straight-bar-triceps-extension,35,20,1154,176,-232
arms,straight-bar-triceps-extension,35,20,1150,168,-235
arms,straight-bar-triceps-extension,35,20,1144,154,-225
arms,straight-bar-triceps-extension,35,20,1135,179,-228
arms,straight-bar-triceps-extension,35,20,1131,220,-232
arms,straight-bar-triceps-extension,35,20,1141,284,-232
arms,straight-bar-triceps-extension,35,20,1154,290,-225
arms,straight-bar-triceps-extension,35,20,1167,270,-210
arms,straight-bar-triceps-extension,35,20,1157,256,-150
arms,straight-bar-triceps-extension,35,20,1137,256,-88
arms,straight-bar-triceps-extension,35,20,1107,270,-22
arms,straight-bar-triceps-extension,35,20,1086,245,-16
arms,straight-bar-triceps-extension,35,20,1082,239,-73
arms,straight-bar-triceps-extension,35,20,1118,289,-263
arms,straight-bar-triceps-extension,35,20,1174,342,-344
arms,straight-bar-triceps-extension,35,20,1228,398,-375
arms,straight-bar-triceps-extension,35,20,1188,464,-365
arms,straight-bar-triceps-extension,35,20,1180,496,-375
arms,straight-bar-triceps-extension,35,20,1206,496,-405
arms,straight-bar-triceps-extension,35,20,1204,492,-548
arms,straight-bar-triceps-extension,35,20,1188,488,-581
arms,straight-bar-triceps-extension,35,20,1148,488,-331
arms,straight-bar-triceps-extension,35,20,1118,470,-312
arms,straight-bar-triceps-extension,35,20,1092,460,-410
arms,straight-bar-triceps-extension,35,20,1058,574,-676
arms,straight-bar-triceps-extension,35,20,1040,612,-708
arms,straight-bar-triceps-extension,35,20,1040,572,-508
arms,straight-bar-triceps-extension,35,20,990,546,-394
arms,straight-bar-triceps-extension,35,20,946,534,-346
arms,straight-bar-triceps-extension,35,20,926,554,-430
arms,straight-bar-triceps-extension,35,20,955,616,-586
arms,straight-bar-triceps-extension,35,20,997,686,-740
arms,straight-bar-triceps-extension,35,20,967,666,-620
arms,straight-bar-triceps-extension,35,20,930,646,-560
arms,straight-bar-triceps-extension,35,20,884,626,-560
arms,straight-bar-triceps-extension,35,20,871,646,-610
arms,straight-bar-triceps-extension,35,20,867,678,-657
arms,straight-bar-triceps-extension,35,20,877,722,-687
arms,straight-bar-triceps-extension,35,20,845,701,-612
arms,straight-bar-triceps-extension,35,20,793,656,-506
arms,straight-bar-triceps-extension,35,20,723,656,-520
arms,straight-bar-triceps-extension,35,20,698,684,-608
arms,straight-bar-triceps-extension,35,20,718,738,-768
arms,straight-bar-triceps-extension,35,20,680,726,-703
arms,straight-bar-triceps-extension,35,20,633,718,-634
arms,straight-bar-triceps-extension,35,20,583,738,-614
arms,straight-bar-triceps-extension,35,20,540,751,-660
arms,straight-bar-triceps-extension,35,20,500,766,-738
arms,straight-bar-triceps-extension,35,20,466,826,-838
arms,straight-bar-triceps-extension,35,20,418,808,-793
arms,straight-bar-triceps-extension,35,20,358,714,-603
arms,straight-bar-triceps-extension,35,20,289,704,-624
arms,straight-bar-triceps-extension,35,20,226,701,-666
arms,straight-bar-triceps-extension,35,20,182,691,-702
arms,straight-bar-triceps-extension,35,20,136,642,-593
arms,straight-bar-triceps-extension,35,20,88,579,-452
arms,straight-bar-triceps-extension,35,20,14,529,-578
arms,straight-bar-triceps-extension,35,20,-26,524,-630
arms,straight-bar-triceps-extension,35,20,-32,564,-610
arms,straight-bar-triceps-extension,35,20,-41,586,-653
arms,straight-bar-triceps-extension,35,20,-48,600,-688
arms,straight-bar-triceps-extension,35,20,1304,520,-784
arms,straight-bar-triceps-extension,35,20,1286,474,-690
arms,straight-bar-triceps-extension,35,20,1256,412,-558
arms,straight-bar-triceps-extension,35,20,1182,366,-458
arms,straight-bar-triceps-extension,35,20,1144,344,-346
arms,straight-bar-triceps-extension,35,20,1144,344,-220
arms,straight-bar-triceps-extension,35,20,1158,317,-190
arms,straight-bar-triceps-extension,35,20,1172,302,-176
arms,straight-bar-triceps-extension,35,20,1188,322,-176
arms,straight-bar-triceps-extension,35,20,1168,296,-102
arms,straight-bar-triceps-extension,35,20,1132,254,-8
arms,straight-bar-triceps-extension,35,20,1086,234,-8
arms,straight-bar-triceps-extension,35,20,1062,229,0
arms,straight-bar-triceps-extension,35,20,1056,239,14
arms,straight-bar-triceps-extension,35,20,1106,321,-186
arms,straight-bar-triceps-extension,35,20,1172,408,-389
arms,straight-bar-triceps-extension,35,20,1268,488,-539
arms,straight-bar-triceps-extension,35,20,1272,494,-493
arms,straight-bar-triceps-extension,35,20,1234,471,-374
arms,straight-bar-triceps-extension,35,20,1174,461,-354
arms,straight-bar-triceps-extension,35,20,1129,484,-392
arms,straight-bar-triceps-extension,35,20,1099,538,-486
arms,straight-bar-triceps-extension,35,20,1087,540,-464
arms,straight-bar-triceps-extension,35,20,1071,536,-424
arms,straight-bar-triceps-extension,35,20,1041,536,-368
arms,straight-bar-triceps-extension,35,20,986,578,-408
arms,straight-bar-triceps-extension,35,20,933,636,-486
arms,straight-bar-triceps-extension,35,20,983,676,-552
arms,straight-bar-triceps-extension,35,20,1008,701,-519
arms,straight-bar-triceps-extension,35,20,1008,711,-389
arms,straight-bar-triceps-extension,35,20,986,694,-439
arms,straight-bar-triceps-extension,35,20,968,700,-520
arms,straight-bar-triceps-extension,35,20,968,764,-624
arms,straight-bar-triceps-extension,35,20,972,777,-628
arms,straight-bar-triceps-extension,35,20,971,767,-583
arms,straight-bar-triceps-extension,35,20,921,757,-493
arms,straight-bar-triceps-extension,35,20,846,760,-516
arms,straight-bar-triceps-extension,35,20,746,774,-650
arms,straight-bar-triceps-extension,35,20,718,772,-637
arms,straight-bar-triceps-extension,35,20,678,748,-584
arms,straight-bar-triceps-extension,35,20,594,684,-480
arms,straight-bar-triceps-extension,35,20,544,713,-553
arms,straight-bar-triceps-extension,35,20,516,772,-682
arms,straight-bar-triceps-extension,35,20,550,738,-616
arms,straight-bar-triceps-extension,35,20,516,695,-554
arms,straight-bar-triceps-extension,35,20,410,645,-494
arms,straight-bar-triceps-extension,35,20,382,676,-564
arms,straight-bar-triceps-extension,35,20,364,712,-662
arms,straight-bar-triceps-extension,35,20,348,736,-786
arms,straight-bar-triceps-extension,35,20,309,744,-806
arms,straight-bar-triceps-extension,35,20,258,744,-774
arms,straight-bar-triceps-extension,35,20,192,738,-674
arms,straight-bar-triceps-extension,35,20,135,704,-656
arms,straight-bar-triceps-extension,35,20,85,638,-722
arms,straight-bar-triceps-extension,35,20,30,668,-737
arms,straight-bar-triceps-extension,35,20,-17,687,-708
arms,straight-bar-triceps-extension,35,20,-47,657,-588
arms,straight-bar-triceps-extension,35,20,-94,616,-562
arms,straight-bar-triceps-extension,35,20,-145,578,-583
arms,straight-bar-triceps-extension,35,20,-155,604,-653
arms,straight-bar-triceps-extension,35,20,-158,624,-678
arms,straight-bar-triceps-extension,35,20,-152,638,-658
arms,straight-bar-triceps-extension,35,20,-184,600,-593
arms,straight-bar-triceps-extension,35,20,-230,570,-558
arms,straight-bar-triceps-extension,35,20,-306,574,-602
arms,straight-bar-triceps-extension,35,20,-324,600,-668
arms,straight-bar-triceps-extension,35,20,-321,633,-740
arms,straight-bar-triceps-extension,35,20,-331,643,-780
arms,straight-bar-triceps-extension,35,20,-336,620,-680
arms,straight-bar-triceps-extension,35,20,-336,566,-440
arms,straight-bar-triceps-extension,35,20,-381,484,-434
arms,straight-bar-triceps-extension,35,20,-443,420,-440
arms,straight-bar-triceps-extension,35,20,-533,404,-416
arms,straight-bar-triceps-extension,35,20,-584,376,-387
arms,straight-bar-triceps-extension,35,20,-615,340,-354
arms,straight-bar-triceps-extension,35,20,-605,294,-288
arms,straight-bar-triceps-extension,35,20,-600,250,-271
arms,straight-bar-triceps-extension,35,20,-600,204,-301
arms,straight-bar-triceps-extension,35,20,-622,160,-246
arms,straight-bar-triceps-extension,35,20,-646,120,-196
arms,straight-bar-triceps-extension,35,20,-666,96,-180
arms,straight-bar-triceps-extension,35,20,-648,98,-166
arms,straight-bar-triceps-extension,35,20,-613,109,-140
arms,straight-bar-triceps-extension,35,20,-583,79,-20
arms,straight-bar-triceps-extension,35,20,-580,62,-32
arms,straight-bar-triceps-extension,35,20,-606,56,-178
arms,straight-bar-triceps-extension,35,20,-581,83,-147
arms,straight-bar-triceps-extension,35,20,-551,96,-102
arms,straight-bar-triceps-extension,35,20,-521,72,-66
arms,straight-bar-triceps-extension,35,20,-512,22,24
arms,straight-bar-triceps-extension,35,20,-514,-32,116
arms,straight-bar-triceps-extension,35,20,-534,-38,-4
arms,straight-bar-triceps-extension,35,20,-526,-22,-69
arms,straight-bar-triceps-extension,35,20,-492,12,-79
arms,straight-bar-triceps-extension,35,20,-412,-2,-125
arms,straight-bar-triceps-extension,35,20,-346,-1,-162
arms,straight-bar-triceps-extension,35,20,-326,49,-166
arms,straight-bar-triceps-extension,35,20,-330,134,-206
arms,straight-bar-triceps-extension,35,20,-342,234,-268
arms,straight-bar-triceps-extension,35,20,-322,328,-394
arms,straight-bar-triceps-extension,35,20,-264,408,-444
arms,straight-bar-triceps-extension,35,20,-170,474,-418
arms,straight-bar-triceps-extension,35,20,-106,516,-430
arms,straight-bar-triceps-extension,35,20,-37,556,-467
arms,straight-bar-triceps-extension,35,20,53,596,-557
arms,straight-bar-triceps-extension,35,20,112,612,-518
arms,straight-bar-triceps-extension,35,20,157,620,-434
arms,straight-bar-triceps-extension,35,20,207,666,-460
arms,straight-bar-triceps-extension,35,20,262,708,-510
arms,straight-bar-triceps-extension,35,20,322,748,-584
arms,straight-bar-triceps-extension,35,20,386,770,-529
arms,straight-bar-triceps-extension,35,20,432,784,-480
arms,straight-bar-triceps-extension,35,20,-24,624,-560
arms,straight-bar-triceps-extension,35,20,-62,642,-630
arms,straight-bar-triceps-extension,35,20,-113,662,-702
arms,straight-bar-triceps-extension,35,20,-123,636,-522
arms,straight-bar-triceps-extension,35,20,-148,614,-527
arms,straight-bar-triceps-extension,35,20,-188,594,-717
arms,straight-bar-triceps-extension,35,20,-214,592,-601
arms,straight-bar-triceps-extension,35,20,-247,590,-532
arms,straight-bar-triceps-extension,35,20,-297,586,-652
arms,straight-bar-triceps-extension,35,20,-340,535,-538
arms,straight-bar-triceps-extension,35,20,-380,462,-335
arms,straight-bar-triceps-extension,35,20,-426,362,-245
arms,straight-bar-triceps-extension,35,20,-488,284,-222
arms,straight-bar-triceps-extension,35,20,-568,230,-268
arms,straight-bar-triceps-extension,35,20,-652,143,-214
arms,straight-bar-triceps-extension,35,20,-716,65,-140
arms,straight-bar-triceps-extension,35,20,-732,15,-44
arms,straight-bar-triceps-extension,35,20,-698,0,-79
arms,straight-bar-triceps-extension,35,20,-646,0,-148
arms,straight-bar-triceps-extension,35,20,-626,0,-28
arms,straight-bar-triceps-extension,35,20,-638,-12,-10
arms,straight-bar-triceps-extension,35,20,-684,-38,-96
arms,straight-bar-triceps-extension,35,20,-643,-40,-41
arms,straight-bar-triceps-extension,35,20,-587,-31,-10
arms,straight-bar-triceps-extension,35,20,-517,-1,-70
arms,straight-bar-triceps-extension,35,20,-510,26,-60
arms,straight-bar-triceps-extension,35,20,-536,46,-20
arms,straight-bar-triceps-extension,35,20,-616,26,14
arms,straight-bar-triceps-extension,35,20,-671,36,-28
arms,straight-bar-triceps-extension,35,20,-701,76,-148
arms,straight-bar-triceps-extension,35,20,-654,89,-38
arms,straight-bar-triceps-extension,35,20,-600,90,-6
arms,straight-bar-triceps-extension,35,20,-544,70,-210
arms,straight-bar-triceps-extension,35,20,-500,68,-150
arms,straight-bar-triceps-extension,35,20,-464,72,6
arms,straight-bar-triceps-extension,35,20,-470,72,-20
arms,straight-bar-triceps-extension,35,20,-454,102,-62
arms,straight-bar-triceps-extension,35,20,-420,162,-122
arms,straight-bar-triceps-extension,35,20,-358,290,-389
arms,straight-bar-triceps-extension,35,20,-280,399,-532
arms,straight-bar-triceps-extension,35,20,-176,449,-332
arms,straight-bar-triceps-extension,35,20,-92,468,-286
arms,straight-bar-triceps-extension,35,20,-20,472,-319
arms,straight-bar-triceps-extension,35,20,26,466,-469
arms,straight-bar-triceps-extension,35,20,20,512,-542
arms,straight-bar-triceps-extension,35,20,-34,606,-536
arms,straight-bar-triceps-extension,35,20,36,612,-676
arms,straight-bar-triceps-extension,35,20,114,628,-738
arms,straight-bar-triceps-extension,35,20,174,692,-582
arms,straight-bar-triceps-extension,35,20,241,702,-532
arms,straight-bar-triceps-extension,35,20,304,698,-532
arms,straight-bar-triceps-extension,35,20,310,804,-578
arms,straight-bar-triceps-extension,35,20,337,838,-565
arms,straight-bar-triceps-extension,35,20,387,804,-495
arms,straight-bar-triceps-extension,35,20,432,854,-592
arms,straight-bar-triceps-extension,35,20,485,908,-682
arms,straight-bar-triceps-extension,35,20,555,948,-718
arms,straight-bar-triceps-extension,35,20,628,932,-602
arms,straight-bar-triceps-extension,35,20,704,893,-440
arms,straight-bar-triceps-extension,35,20,778,863,-446
arms,straight-bar-triceps-extension,35,20,854,850,-453
arms,straight-bar-triceps-extension,35,20,928,856,-463
arms,straight-bar-triceps-extension,35,20,999,820,-419
arms,straight-bar-triceps-extension,35,20,1066,794,-392
arms,straight-bar-triceps-extension,35,20,1126,798,-416
arms,straight-bar-triceps-extension,35,20,1168,772,-375
arms,straight-bar-triceps-extension,35,20,1201,732,-314
arms,straight-bar-triceps-extension,35,20,1211,698,-340
arms,straight-bar-triceps-extension,35,20,1251,698,-362
arms,straight-bar-triceps-extension,35,20,1321,732,-382
arms,straight-bar-triceps-extension,35,20,1314,673,-326
arms,straight-bar-triceps-extension,35,20,1288,610,-268
arms,straight-bar-triceps-extension,35,20,1232,566,-228
arms,straight-bar-triceps-extension,35,20,1216,556,-262
arms,straight-bar-triceps-extension,35,20,1218,562,-326
arms,straight-bar-triceps-extension,35,20,1238,576,-392
arms,straight-bar-triceps-extension,35,20,1258,594,-399
arms,straight-bar-triceps-extension,35,20,1278,614,-349
arms,straight-bar-triceps-extension,35,20,1302,562,-294
arms,straight-bar-triceps-extension,35,20,1318,526,-244
arms,straight-bar-triceps-extension,35,20,1314,546,-204
arms,straight-bar-triceps-extension,35,20,1270,538,-94
arms,straight-bar-triceps-extension,35,20,1215,513,18
arms,straight-bar-triceps-extension,35,20,1205,443,-116
arms,straight-bar-triceps-extension,35,20,1215,408,-249
arms,straight-bar-triceps-extension,35,20,1245,408,-379
arms,straight-bar-triceps-extension,35,20,1275,484,-496
arms,straight-bar-triceps-extension,35,20,1281,522,-530
arms,straight-bar-triceps-extension,35,20,1231,446,-374
arms,straight-bar-triceps-extension,35,20,1150,389,-318
arms,straight-bar-triceps-extension,35,20,1062,346,-298
arms,straight-bar-triceps-extension,35,20,1042,372,-244
arms,straight-bar-triceps-extension,35,20,1057,382,-204
arms,straight-bar-triceps-extension,35,20,1107,376,-178
arms,straight-bar-triceps-extension,35,20,1116,367,-113
arms,straight-bar-triceps-extension,35,20,1110,356,-50
arms,straight-bar-triceps-extension,35,20,1074,340,-6
arms,straight-bar-triceps-extension,35,20,1064,301,-30
arms,straight-bar-triceps-extension,35,20,1068,256,-87
arms,straight-bar-triceps-extension,35,20,1108,256,-157
arms,straight-bar-triceps-extension,35,20,1128,284,-250
arms,straight-bar-triceps-extension,35,20,1128,338,-364
arms,straight-bar-triceps-extension,35,20,1132,366,-336
arms,straight-bar-triceps-extension,35,20,1144,387,-312
arms,straight-bar-triceps-extension,35,20,1168,397,-336
arms,straight-bar-triceps-extension,35,20,1162,414,-362
arms,straight-bar-triceps-extension,35,20,1142,435,-390
arms,straight-bar-triceps-extension,35,20,1122,465,-444
arms,straight-bar-triceps-extension,35,20,1110,502,-484
arms,straight-bar-triceps-extension,35,20,1104,548,-510
arms,straight-bar-triceps-extension,35,20,1104,606,-508
arms,straight-bar-triceps-extension,35,20,1104,648,-504
arms,straight-bar-triceps-extension,35,20,-416,312,-448
arms,straight-bar-triceps-extension,35,20,-364,344,-378
arms,straight-bar-triceps-extension,35,20,-286,396,-307
arms,straight-bar-triceps-extension,35,20,-192,510,-497
arms,straight-bar-triceps-extension,35,20,-86,600,-557
arms,straight-bar-triceps-extension,35,20,28,666,-487
arms,straight-bar-triceps-extension,35,20,121,753,-570
arms,straight-bar-triceps-extension,35,20,190,825,-637
arms,straight-bar-triceps-extension,35,20,210,855,-627
arms,straight-bar-triceps-extension,35,20,240,885,-715
arms,straight-bar-triceps-extension,35,20,276,914,-822
arms,straight-bar-triceps-extension,35,20,322,940,-722
arms,straight-bar-triceps-extension,35,20,352,960,-702
arms,straight-bar-triceps-extension,35,20,366,974,-762
arms,straight-bar-triceps-extension,35,20,354,994,-674
arms,straight-bar-triceps-extension,35,20,362,984,-590
arms,straight-bar-triceps-extension,35,20,422,904,-554
arms,straight-bar-triceps-extension,35,20,464,894,-565
arms,straight-bar-triceps-extension,35,20,498,904,-586
arms,straight-bar-triceps-extension,35,20,512,818,-520
arms,straight-bar-triceps-extension,35,20,540,764,-490
arms,straight-bar-triceps-extension,35,20,580,738,-496
arms,straight-bar-triceps-extension,35,20,670,722,-496
arms,straight-bar-triceps-extension,35,20,758,702,-487
arms,straight-bar-triceps-extension,35,20,834,666,-457
arms,straight-bar-triceps-extension,35,20,930,646,-430
arms,straight-bar-triceps-extension,35,20,1031,635,-410
arms,straight-bar-triceps-extension,35,20,1101,665,-430
arms,straight-bar-triceps-extension,35,20,1161,658,-355
arms,straight-bar-triceps-extension,35,20,1211,612,-185
arms,straight-bar-triceps-extension,35,20,1261,599,-249
arms,straight-bar-triceps-extension,35,20,1310,607,-334
arms,straight-bar-triceps-extension,35,20,1354,657,-410
arms,straight-bar-triceps-extension,35,20,1354,672,-366
arms,straight-bar-triceps-extension,35,20,1337,663,-270
arms,straight-bar-triceps-extension,35,20,1347,573,-176
arms,straight-bar-triceps-extension,35,20,1340,538,-170
arms,straight-bar-triceps-extension,35,20,1314,558,-256
arms,straight-bar-triceps-extension,35,20,1290,582,-336
arms,straight-bar-triceps-extension,35,20,1278,567,-338
arms,straight-bar-triceps-extension,35,20,1298,457,-158
arms,straight-bar-triceps-extension,35,20,1311,452,-150
arms,straight-bar-triceps-extension,35,20,1320,488,-205
arms,straight-bar-triceps-extension,35,20,1326,488,-175
arms,straight-bar-triceps-extension,35,20,1326,483,-190
arms,straight-bar-triceps-extension,35,20,1320,473,-250
arms,straight-bar-triceps-extension,35,20,1298,454,-224
arms,straight-bar-triceps-extension,35,20,1266,442,-216
arms,straight-bar-triceps-extension,35,20,1222,446,-272
arms,straight-bar-triceps-extension,35,20,1170,427,-222
arms,straight-bar-triceps-extension,35,20,1117,396,-146
arms,straight-bar-triceps-extension,35,20,1087,362,-252
arms,straight-bar-triceps-extension,35,20,1092,316,-272
arms,straight-bar-triceps-extension,35,20,1132,262,-206
arms,straight-bar-triceps-extension,35,20,1168,288,-263
arms,straight-bar-triceps-extension,35,20,1186,318,-291
arms,straight-bar-triceps-extension,35,20,1166,338,-221
arms,straight-bar-triceps-extension,35,20,1142,306,-98
arms,straight-bar-triceps-extension,35,20,1116,258,26
arms,straight-bar-triceps-extension,35,20,1076,278,-34
arms,straight-bar-triceps-extension,35,20,1076,300,-96
arms,straight-bar-triceps-extension,35,20,1116,326,-162
arms,straight-bar-triceps-extension,35,20,1174,350,-190
arms,straight-bar-triceps-extension,35,20,1216,366,-180
arms,straight-bar-triceps-extension,35,20,1216,362,-84
arms,straight-bar-triceps-extension,35,20,1192,325,-28
arms,straight-bar-triceps-extension,35,20,1162,290,-20
arms,straight-bar-triceps-extension,35,20,1182,390,-300
arms,straight-bar-triceps-extension,35,20,1234,478,-442
arms,straight-bar-triceps-extension,35,20,1320,552,-448
arms,straight-bar-triceps-extension,35,20,1274,515,-236
arms,straight-bar-triceps-extension,35,20,1212,458,-105
arms,straight-bar-triceps-extension,35,20,1148,382,-215
arms,straight-bar-triceps-extension,35,20,1114,423,-314
arms,straight-bar-triceps-extension,35,20,1101,512,-406
arms,straight-bar-triceps-extension,35,20,1151,592,-472
arms,straight-bar-triceps-extension,35,20,1164,610,-419
arms,straight-bar-triceps-extension,35,20,1138,564,-249
arms,straight-bar-triceps-extension,35,20,1078,560,-394
arms,straight-bar-triceps-extension,35,20,1044,578,-508
arms,straight-bar-triceps-extension,35,20,1084,638,-468
arms,straight-bar-triceps-extension,35,20,1078,614,-358
arms,straight-bar-triceps-extension,35,20,1050,565,-252
arms,straight-bar-triceps-extension,35,20,990,615,-458
arms,straight-bar-triceps-extension,35,20,968,672,-565
arms,straight-bar-triceps-extension,35,20,982,738,-575
arms,straight-bar-triceps-extension,35,20,975,717,-500
arms,straight-bar-triceps-extension,35,20,942,702,-450
arms,straight-bar-triceps-extension,35,20,858,722,-486
arms,straight-bar-triceps-extension,35,20,814,732,-556
arms,straight-bar-triceps-extension,35,20,790,736,-622
arms,straight-bar-triceps-extension,35,20,770,730,-528
arms,straight-bar-triceps-extension,35,20,712,746,-510
arms,straight-bar-triceps-extension,35,20,618,780,-570
arms,straight-bar-triceps-extension,35,20,586,842,-626
arms,straight-bar-triceps-extension,35,20,556,870,-679
arms,straight-bar-triceps-extension,35,20,516,810,-729
arms,straight-bar-triceps-extension,35,20,469,806,-698
arms,straight-bar-triceps-extension,35,20,423,821,-633
arms,straight-bar-triceps-extension,35,20,413,791,-563
arms,straight-bar-triceps-extension,35,20,370,794,-616
arms,straight-bar-triceps-extension,35,20,296,828,-790
arms,straight-bar-triceps-extension,35,20,252,796,-758
arms,straight-bar-triceps-extension,35,20,216,777,-717
arms,straight-bar-triceps-extension,35,20,192,807,-707
arms,straight-bar-triceps-extension,35,20,146,795,-680
arms,straight-bar-triceps-extension,35,20,91,760,-644
arms,straight-bar-triceps-extension,35,20,41,674,-610
arms,straight-bar-triceps-extension,35,20,-16,632,-624
arms,straight-bar-triceps-extension,35,20,-82,632,-690
arms,straight-bar-triceps-extension,35,20,-124,623,-678
arms,straight-bar-triceps-extension,35,20,-152,616,-664
